{"type":"FeatureCollection","features":[{"type":"Feature","geometry":{"type":"Point","coordinates":[103.79483699798584,1.3112282452791817]},"properties":{"amenity":"toilets","id":"node/11873507500","_lat":"1.3112282452791817","_lon":"103.79483699798584","timestamp":"2024-05-02T06:43:23Z","version":1,"changeset":150778719,"user":"leheng","uid":15587724}},{"type":"Feature","geometry":{"type":"Point","coordinates":[103.79616737365723,1.3106275877146913]},"properties":{"fee":"no","level":"1;2;3","access":"permissive","amenity":"toilets","toilets:disposal":"flush","toilets:position":"seated;urinal","id":"node/9905602685","_lat":"1.3106275877146913","_lon":"103.79616737365723","timestamp":"2022-07-23T10:06:59Z","version":1,"changeset":123969414,"user":"Doge05","uid":4026892}},{"type":"Feature","geometry":{"type":"Point","coordinates":[103.79447221755981,1.3105846835974262]},"properties":{"male":"yes","access":"permissive","female":"yes","amenity":"toilets","wheelchair":"yes","toilets:disposal":"flush","id":"node/12035719849","_lat":"1.3105846835974262","_lon":"103.79447221755981","timestamp":"2024-07-05T10:54:36Z","version":1,"changeset":153583015,"user":"Doge05","uid":4026892}},{"type":"Feature","geometry":{"type":"Point","coordinates":[103.78786325454712,1.3067447621286448]},"properties":{"access":"permissive","amenity":"toilets","toilets:disposal":"flush","id":"node/9981762774","_lat":"1.3067447621286448","_lon":"103.78786325454712","timestamp":"2022-08-27T16:11:49Z","version":1,"changeset":125448362,"user":"Doge05","uid":4026892}},{"type":"Feature","geometry":{"type":"Point","coordinates":[103.79829168319702,1.3070021872153461]},"properties":{"access":"private","amenity":"toilets","portable":"yes","id":"node/11059743466","_lat":"1.3070021872153461","_lon":"103.79829168319702","timestamp":"2023-07-28T16:23:26Z","version":2,"changeset":139143223,"user":"Doge05","uid":4026892}},{"type":"Feature","geometry":{"type":"Point","coordinates":[103.79839897155762,1.3070450913939027]},"properties":{"level":"0","access":"private","amenity":"toilets","toilets:wash":"no","toilets:disposal":"flush","toilets:handwashing":"yes","toilets:hands_drying":"no","toilets:paper_supplied":"yes","id":"node/11059743503","_lat":"1.3070450913939027","_lon":"103.79839897155762","timestamp":"2025-09-23T22:00:24Z","version":2,"changeset":172366015,"user":"Pieter Vander Vennet","uid":3818858}},{"type":"Feature","geometry":{"type":"Point","coordinates":[103.80030870437622,1.3070665434829039]},"properties":{"amenity":"toilets","id":"node/10918168213","_lat":"1.3070665434829039","_lon":"103.80030870437622","timestamp":"2023-05-22T11:45:15Z","version":1,"changeset":136409581,"user":"Doge05","uid":4026892}},{"type":"Feature","geometry":{"type":"Point","coordinates":[103.788743019104,1.307216708100782]},"properties":{"amenity":"toilets","id":"node/10886433177","_lat":"1.307216708100782","_lon":"103.788743019104","timestamp":"2023-05-11T12:21:19Z","version":1,"changeset":135975401,"user":"leheng","uid":15587724}},{"type":"Feature","geometry":{"type":"Point","coordinates":[103.78988027572632,1.3073454206232498]},"properties":{"level":"0","amenity":"toilets","wheelchair":"yes","id":"node/10886412226","_lat":"1.3073454206232498","_lon":"103.78988027572632","timestamp":"2023-07-07T08:52:12Z","version":3,"changeset":138219653,"user":"leheng","uid":15587724}},{"type":"Feature","geometry":{"type":"Point","coordinates":[103.78981590270996,1.3073454206232498]},"properties":{"level":"0","female":"yes","amenity":"toilets","id":"node/11031956956","_lat":"1.3073454206232498","_lon":"103.78981590270996","timestamp":"2023-07-07T08:52:12Z","version":1,"changeset":138219653,"user":"leheng","uid":15587724}},{"type":"Feature","geometry":{"type":"Point","coordinates":[103.78970861434937,1.3073668727096788]},"properties":{"male":"yes","level":"0","amenity":"toilets","wheelchair":"yes","id":"node/11031956957","_lat":"1.3073668727096788","_lon":"103.78970861434937","timestamp":"2023-07-07T08:52:12Z","version":1,"changeset":138219653,"user":"leheng","uid":15587724}},{"type":"Feature","geometry":{"type":"Point","coordinates":[103.79850625991821,1.3081176956194298]},"properties":{"access":"private","shower":"yes","amenity":"toilets","toilets:wash":"no","toilets:disposal":"flush","toilets:handwashing":"yes","toilets:hands_drying":"no","toilets:paper_supplied":"yes","id":"node/11059747106","_lat":"1.3081176956194298","_lon":"103.79850625991821","timestamp":"2025-09-23T22:00:24Z","version":2,"changeset":172366015,"user":"Pieter Vander Vennet","uid":3818858}},{"type":"Feature","geometry":{"type":"Point","coordinates":[103.79775524139404,1.308010435217497]},"properties":{"access":"private","amenity":"toilets","toilets:wash":"no","toilets:disposal":"flush","toilets:handwashing":"yes","toilets:hands_drying":"no","toilets:paper_supplied":"yes","id":"node/11059747105","_lat":"1.308010435217497","_lon":"103.79775524139404","timestamp":"2025-09-23T22:00:24Z","version":2,"changeset":172366015,"user":"Pieter Vander Vennet","uid":3818858}},{"type":"Feature","geometry":{"type":"Point","coordinates":[103.79863500595093,1.3076672019005429]},"properties":{"access":"private","amenity":"toilets","toilets:wash":"no","toilets:disposal":"flush","toilets:handwashing":"yes","toilets:hands_drying":"no","toilets:paper_supplied":"yes","id":"node/11059747107","_lat":"1.3076672019005429","_lon":"103.79863500595093","timestamp":"2025-09-23T22:00:24Z","version":2,"changeset":172366015,"user":"Pieter Vander Vennet","uid":3818858}},{"type":"Feature","geometry":{"type":"Point","coordinates":[103.79807710647583,1.307688653984215]},"properties":{"level":"0","access":"private","shower":"yes","amenity":"toilets","toilets:wash":"no","toilets:disposal":"flush","toilets:handwashing":"yes","toilets:hands_drying":"no","toilets:paper_supplied":"yes","id":"node/11059743504","_lat":"1.307688653984215","_lon":"103.79807710647583","timestamp":"2025-09-23T22:00:24Z","version":2,"changeset":172366015,"user":"Pieter Vander Vennet","uid":3818858}},{"type":"Feature","geometry":{"type":"Point","coordinates":[103.79775524139404,1.3077101060677165]},"properties":{"access":"private","shower":"yes","amenity":"toilets","toilets:wash":"no","toilets:disposal":"flush","toilets:handwashing":"yes","toilets:hands_drying":"no","toilets:paper_supplied":"yes","id":"node/11059747108","_lat":"1.3077101060677165","_lon":"103.79775524139404","timestamp":"2025-09-23T22:00:24Z","version":2,"changeset":172366015,"user":"Pieter Vander Vennet","uid":3818858}},{"type":"Feature","geometry":{"type":"Point","coordinates":[103.79784107208252,1.302883382664973]},"properties":{"fixme":"Check wheelchair accessibility","amenity":"toilets","wheelchair":"no","id":"node/13403939183","_lat":"1.302883382664973","_lon":"103.79784107208252","timestamp":"2026-02-07T00:01:46Z","version":2,"changeset":178210143,"user":"B252697","uid":23175833}},{"type":"Feature","geometry":{"type":"Point","coordinates":[103.78488063812256,1.30256160077559]},"properties":{"access":"private","female":"yes","shower":"yes","amenity":"toilets","toilets:wash":"no","toilets:disposal":"flush","toilets:handwashing":"yes","toilets:hands_drying":"no","id":"node/11059747109","_lat":"1.30256160077559","_lon":"103.78488063812256","timestamp":"2025-09-23T22:00:24Z","version":2,"changeset":172366015,"user":"Pieter Vander Vennet","uid":3818858}},{"type":"Feature","geometry":{"type":"Point","coordinates":[103.78751993179321,1.2972200154170537]},"properties":{"fee":"no","amenity":"toilets","id":"node/7252167055","_lat":"1.2972200154170537","_lon":"103.78751993179321","timestamp":"2024-04-20T04:27:43Z","version":3,"changeset":150247170,"user":"Joel Ho","uid":21305243}},{"type":"Feature","geometry":{"type":"Point","coordinates":[103.78925800323486,1.2983784324781027]},"properties":{"access":"yes","amenity":"toilets","wheelchair":"yes","id":"node/7252074975","_lat":"1.2983784324781027","_lon":"103.78925800323486","timestamp":"2024-03-20T09:44:27Z","version":3,"changeset":148901874,"user":"wheelmap_visitor","uid":290680}},{"type":"Feature","geometry":{"type":"Point","coordinates":[103.78458023071289,1.2934015257962557]},"properties":{"level":"-1","amenity":"toilets","id":"node/4375159018","_lat":"1.2934015257962557","_lon":"103.78458023071289","timestamp":"2016-08-30T15:13:23Z","version":2,"changeset":41804440,"user":"yourealwaysbe","uid":1878856}},{"type":"Feature","geometry":{"type":"Point","coordinates":[103.80305528640747,1.2931440993227596]},"properties":{"amenity":"toilets","wheelchair":"yes","toilets:wheelchair":"yes","id":"node/1663976205","_lat":"1.2931440993227596","_lon":"103.80305528640747","timestamp":"2017-04-22T03:59:34Z","version":3,"changeset":48021646,"user":"wheelmap_android","uid":524500}},{"type":"Feature","geometry":{"type":"Point","coordinates":[103.7847089767456,1.2941094484636864]},"properties":{"level":"0","amenity":"toilets","id":"node/4379291987","_lat":"1.2941094484636864","_lon":"103.7847089767456","timestamp":"2023-06-09T08:00:28Z","version":2,"changeset":137124483,"user":"leheng","uid":15587724}},{"type":"Feature","geometry":{"type":"Point","coordinates":[103.80163908004761,1.2858717906791526]},"properties":{"access":"yes","unisex":"yes","amenity":"toilets","toilets:disposal":"flush","id":"node/5719133768","_lat":"1.2858717906791526","_lon":"103.80163908004761","timestamp":"2026-01-23T09:26:57Z","version":3,"changeset":177599516,"user":"kenken234","uid":17241816}},{"type":"Feature","geometry":{"type":"Point","coordinates":[103.78889322280884,1.2831688034175812]},"properties":{"amenity":"toilets","id":"node/10605343171","_lat":"1.2831688034175812","_lon":"103.78889322280884","timestamp":"2023-02-04T02:17:05Z","version":1,"changeset":132063073,"user":"leheng","uid":15587724}},{"type":"Feature","geometry":{"type":"Point","coordinates":[103.78831386566162,1.2829757327895237]},"properties":{"amenity":"toilets","id":"node/10605343169","_lat":"1.2829757327895237","_lon":"103.78831386566162","timestamp":"2023-02-04T02:17:05Z","version":1,"changeset":132063073,"user":"leheng","uid":15587724}},{"type":"Feature","geometry":{"type":"Point","coordinates":[103.78861427307129,1.2835549446299552]},"properties":{"amenity":"toilets","id":"node/10605343170","_lat":"1.2835549446299552","_lon":"103.78861427307129","timestamp":"2023-02-04T02:17:05Z","version":1,"changeset":132063073,"user":"leheng","uid":15587724}},{"type":"Feature","geometry":{"type":"Point","coordinates":[103.7903094291687,1.2839410857840363]},"properties":{"amenity":"toilets","id":"node/5599981622","_lat":"1.2839410857840363","_lon":"103.7903094291687","timestamp":"2018-05-06T11:25:13Z","version":1,"changeset":58727556,"user":"Tjen Fon Sin","uid":4943860}},{"type":"Feature","geometry":{"type":"Point","coordinates":[103.78910779953003,1.2840483472053705]},"properties":{"amenity":"toilets","id":"node/10605343166","_lat":"1.2840483472053705","_lon":"103.78910779953003","timestamp":"2023-02-04T02:17:05Z","version":1,"changeset":132063073,"user":"leheng","uid":15587724}},{"type":"Feature","geometry":{"type":"Point","coordinates":[103.78689765930176,1.2803370994134582]},"properties":{"amenity":"toilets","id":"node/10269365731","_lat":"1.2803370994134582","_lon":"103.78689765930176","timestamp":"2023-06-23T13:48:20Z","version":2,"changeset":137690197,"user":"leheng","uid":15587724}},{"type":"Feature","geometry":{"type":"Point","coordinates":[103.78696203231812,1.2804872656134876]},"properties":{"access":"customers","amenity":"toilets","id":"node/10269365732","_lat":"1.2804872656134876","_lon":"103.78696203231812","timestamp":"2022-12-17T11:54:54Z","version":1,"changeset":130183575,"user":"leheng","uid":15587724}},{"type":"Feature","geometry":{"type":"Point","coordinates":[103.78578186035156,1.2796291729234355]},"properties":{"unisex":"yes","amenity":"toilets","wheelchair":"yes","id":"node/11770323824","_lat":"1.2796291729234355","_lon":"103.78578186035156","timestamp":"2024-03-29T01:37:05Z","version":1,"changeset":149292720,"user":"leheng","uid":15587724}},{"type":"Feature","geometry":{"type":"Point","coordinates":[103.79427909851074,1.2795433636386235]},"properties":{"source":"survey","amenity":"toilets","id":"node/3451431524","_lat":"1.2795433636386235","_lon":"103.79427909851074","timestamp":"2015-04-12T17:10:08Z","version":2,"changeset":30167870,"user":"a3nm","uid":633253}},{"type":"Feature","geometry":{"type":"Point","coordinates":[103.79801273345947,1.2793073880906434]},"properties":{"amenity":"toilets","id":"node/6009667388","_lat":"1.2793073880906434","_lon":"103.79801273345947","timestamp":"2022-04-19T07:11:41Z","version":2,"changeset":119890954,"user":"leheng","uid":15587724}},{"type":"Feature","geometry":{"type":"Point","coordinates":[103.80125284194946,1.2790499601953371]},"properties":{"amenity":"toilets","id":"node/686670714","_lat":"1.2790499601953371","_lon":"103.80125284194946","timestamp":"2023-12-07T14:01:05Z","version":3,"changeset":144868309,"user":"rene78","uid":257555}},{"type":"Feature","geometry":{"type":"Point","coordinates":[103.80239009857178,1.278942698564677]},"properties":{"amenity":"toilets","id":"node/10234799794","_lat":"1.278942698564677","_lon":"103.80239009857178","timestamp":"2022-12-03T03:09:38Z","version":1,"changeset":129664666,"user":"leheng","uid":15587724}},{"type":"Feature","geometry":{"type":"Point","coordinates":[103.78842115402222,1.27896415089117]},"properties":{"level":"0","amenity":"toilets","wheelchair":"yes","id":"node/10288680968","_lat":"1.27896415089117","_lon":"103.78842115402222","timestamp":"2022-12-27T03:01:29Z","version":1,"changeset":130537503,"user":"leheng","uid":15587724}},{"type":"Feature","geometry":{"type":"Point","coordinates":[103.78820657730103,1.2786423659749886]},"properties":{"level":"1","amenity":"toilets","id":"node/10288680973","_lat":"1.2786423659749886","_lon":"103.78820657730103","timestamp":"2022-12-27T03:01:29Z","version":1,"changeset":130537503,"user":"leheng","uid":15587724}},{"type":"Feature","geometry":{"type":"Point","coordinates":[103.80352735519409,1.2775697492964184]},"properties":{"fee":"no","level":"0","access":"yes","amenity":"toilets","portable":"no","check_date":"2023-05-28","wheelchair":"yes","toilets:disposal":"flush","toilets:handwashing":"yes","id":"node/8362869785","_lat":"1.2775697492964184","_lon":"103.80352735519409","timestamp":"2023-05-30T14:57:35Z","version":2,"changeset":136750979,"user":"MapTheWalk","uid":10499594}},{"type":"Feature","geometry":{"type":"Point","coordinates":[103.79204750061035,1.2745020631251691]},"properties":{"level":"3","amenity":"toilets","level:ref":"3","id":"node/10687458250","_lat":"1.2745020631251691","_lon":"103.79204750061035","timestamp":"2023-02-23T05:15:40Z","version":1,"changeset":132907760,"user":"leheng","uid":15587724}},{"type":"Feature","geometry":{"type":"Point","coordinates":[103.79101753234863,1.2751241815954444]},"properties":{"unisex":"yes","amenity":"toilets","wheelchair":"yes","id":"node/11056016786","_lat":"1.2751241815954444","_lon":"103.79101753234863","timestamp":"2023-07-20T03:48:51Z","version":1,"changeset":138742384,"user":"leheng","uid":15587724}},{"type":"Feature","geometry":{"type":"Point","coordinates":[103.7999439239502,1.2749311103621324]},"properties":{"amenity":"toilets","id":"node/11283487810","_lat":"1.2749311103621324","_lon":"103.7999439239502","timestamp":"2023-10-23T12:34:46Z","version":1,"changeset":143016600,"user":"leheng","uid":15587724}},{"type":"Feature","geometry":{"type":"Point","coordinates":[103.79432201385498,1.275167086311967]},"properties":{"amenity":"toilets","wheelchair":"no","id":"node/9871498348","_lat":"1.275167086311967","_lon":"103.79432201385498","timestamp":"2025-04-10T11:17:11Z","version":2,"changeset":164763437,"user":"wheelmap_visitor","uid":290680}},{"type":"Feature","geometry":{"type":"Point","coordinates":[103.7916612625122,1.2767331079762414]},"properties":{"amenity":"toilets","id":"node/9688903091","_lat":"1.2767331079762414","_lon":"103.7916612625122","timestamp":"2023-08-26T17:55:29Z","version":2,"changeset":140423185,"user":"leheng","uid":15587724}},{"type":"Feature","geometry":{"type":"Point","coordinates":[103.79575967788696,1.2701686820292366]},"properties":{"amenity":"toilets","id":"node/10173455430","_lat":"1.2701686820292366","_lon":"103.79575967788696","timestamp":"2022-11-10T12:08:30Z","version":1,"changeset":128730798,"user":"leheng","uid":15587724}},{"type":"Feature","geometry":{"type":"Point","coordinates":[103.8024115562439,1.267122439481966]},"properties":{"amenity":"toilets","opening_hours":"24/7","id":"node/6270941488","_lat":"1.267122439481966","_lon":"103.8024115562439","timestamp":"2022-06-01T00:44:54Z","version":2,"changeset":121788768,"user":"leheng","uid":15587724}},{"type":"Feature","geometry":{"type":"Point","coordinates":[103.80204677581787,1.2659211034074502]},"properties":{"amenity":"toilets","id":"node/5518474121","_lat":"1.2659211034074502","_lon":"103.80204677581787","timestamp":"2018-03-31T12:27:16Z","version":1,"changeset":57687123,"user":"Tjen Fon Sin","uid":4943860}},{"type":"Feature","geometry":{"type":"Point","coordinates":[103.80352735519409,1.2648055765541528]},"properties":{"amenity":"toilets","id":"node/1948670456","_lat":"1.2648055765541528","_lon":"103.80352735519409","timestamp":"2012-10-06T06:15:09Z","version":1,"changeset":13380812,"user":"muaum","uid":212575}},{"type":"Feature","geometry":{"type":"Point","coordinates":[103.79464387893677,1.3421190099285525]},"properties":{"fee":"no","access":"yes","amenity":"toilets","wheelchair":"no","id":"node/9864033800","_lat":"1.3421190099285525","_lon":"103.79464387893677","timestamp":"2022-07-03T14:56:10Z","version":1,"changeset":123154557,"user":"MapTheWalk","uid":10499594}},{"type":"Feature","geometry":{"type":"Point","coordinates":[103.88667583465576,1.336219761824708]},"properties":{"fee":"no","level":"0","access":"permissive","amenity":"toilets","check_date":"2024-10-05","wheelchair":"no","toilets:disposal":"flush","id":"node/11051415789","_lat":"1.336219761824708","_lon":"103.88667583465576","timestamp":"2024-10-07T17:01:52Z","version":2,"changeset":157591477,"user":"MapTheWalk","uid":10499594}},{"type":"Feature","geometry":{"type":"Point","coordinates":[103.88899326324463,1.3365629911940715]},"properties":{"access":"yes","amenity":"toilets","check_date":"2024-03-16","wheelchair":"yes","id":"node/11754949219","_lat":"1.3365629911940715","_lon":"103.88899326324463","timestamp":"2024-03-23T08:25:59Z","version":1,"changeset":149041034,"user":"MapTheWalk","uid":10499594}},{"type":"Feature","geometry":{"type":"Point","coordinates":[103.89665365219116,1.3358121768862787]},"properties":{"amenity":"toilets","id":"node/13653962191","_lat":"1.3358121768862787","_lon":"103.89665365219116","timestamp":"2026-03-17T05:45:58Z","version":1,"changeset":179982927,"user":"Doge05","uid":4026892}},{"type":"Feature","geometry":{"type":"Point","coordinates":[103.91401290893555,1.3329590804254252]},"properties":{"fee":"yes","access":"yes","amenity":"toilets","id":"node/5865379703","_lat":"1.3329590804254252","_lon":"103.91401290893555","timestamp":"2018-08-29T10:59:36Z","version":1,"changeset":62100375,"user":"Ocean168","uid":7695168}},{"type":"Feature","geometry":{"type":"Point","coordinates":[103.88867139816284,1.3325943986844777]},"properties":{"amenity":"toilets","id":"node/10134041431","_lat":"1.3325943986844777","_lon":"103.88867139816284","timestamp":"2022-10-27T22:20:18Z","version":1,"changeset":128148793,"user":"asl97","uid":13827733}},{"type":"Feature","geometry":{"type":"Point","coordinates":[103.89987230300903,1.3299558174216486]},"properties":{"amenity":"toilets","id":"node/9984696620","_lat":"1.3299558174216486","_lon":"103.89987230300903","timestamp":"2022-08-29T06:43:29Z","version":1,"changeset":125505999,"user":"Lmensgla","uid":360397}},{"type":"Feature","geometry":{"type":"Point","coordinates":[103.88498067855835,1.3261373777548329]},"properties":{"amenity":"toilets","id":"node/6829879772","_lat":"1.3261373777548329","_lon":"103.88498067855835","timestamp":"2019-09-27T08:42:40Z","version":1,"changeset":74996504,"user":"pyramid","uid":468895}},{"type":"Feature","geometry":{"type":"Point","coordinates":[103.90302658081055,1.3197875998804705]},"properties":{"fee":"no","level":"0","access":"yes","amenity":"toilets","wheelchair":"yes","toilets:access":"yes","toilets:disposal":"flush","toilets:position":"seated;urinal","id":"node/9893218544","_lat":"1.3197875998804705","_lon":"103.90302658081055","timestamp":"2025-12-06T08:34:20Z","version":2,"changeset":175575795,"user":"wheelmap_visitor","uid":290680}},{"type":"Feature","geometry":{"type":"Point","coordinates":[103.90081644058228,1.3179212769458672]},"properties":{"amenity":"toilets","description":"Toilet is behide shutter which is closed at night","opening_hours":"Mo-Su 10:00-22:00","id":"node/8957975338","_lat":"1.3179212769458672","_lon":"103.90081644058228","timestamp":"2021-09-10T17:02:01Z","version":2,"changeset":111033865,"user":"asl97","uid":13827733}},{"type":"Feature","geometry":{"type":"Point","coordinates":[103.91454935073853,1.315904788525117]},"properties":{"amenity":"toilets","wheelchair":"yes","id":"node/5634664800","_lat":"1.315904788525117","_lon":"103.91454935073853","timestamp":"2026-01-10T10:06:36Z","version":4,"changeset":177055105,"user":"zrZeqG5b","uid":16374463}},{"type":"Feature","geometry":{"type":"Point","coordinates":[103.88227701187134,1.3162265687016372]},"properties":{"fee":"no","amenity":"toilets","id":"node/11395311730","_lat":"1.3162265687016372","_lon":"103.88227701187134","timestamp":"2024-02-13T08:02:10Z","version":2,"changeset":147397150,"user":"Annie_11","uid":20600508}},{"type":"Feature","geometry":{"type":"Point","coordinates":[103.89161109924316,1.3144460512043992]},"properties":{"access":"permissive","amenity":"toilets","id":"node/8568727812","_lat":"1.3144460512043992","_lon":"103.89161109924316","timestamp":"2021-03-28T10:08:10Z","version":1,"changeset":101866869,"user":"MapTheWalk","uid":10499594}},{"type":"Feature","geometry":{"type":"Point","coordinates":[103.89182567596436,1.3141886268828387]},"properties":{"amenity":"toilets","cuisine":"chinese","id":"node/9858441979","_lat":"1.3141886268828387","_lon":"103.89182567596436","timestamp":"2022-06-30T15:50:37Z","version":1,"changeset":123051265,"user":"MapTheWalk","uid":10499594}},{"type":"Feature","geometry":{"type":"Point","coordinates":[103.85051965713501,1.2280787348861537]},"properties":{"fee":"no","access":"yes","amenity":"toilets","id":"node/10017096073","_lat":"1.2280787348861537","_lon":"103.85051965713501","timestamp":"2023-03-12T07:55:04Z","version":2,"changeset":133576480,"user":"MapTheWalk","uid":10499594}},{"type":"Feature","geometry":{"type":"Point","coordinates":[103.85974645614624,1.2232518632913951]},"properties":{"fee":"no","level":"0","access":"permissive","amenity":"toilets","id":"node/4484869400","_lat":"1.2232518632913951","_lon":"103.85974645614624","timestamp":"2016-11-06T04:06:54Z","version":1,"changeset":43434412,"user":"nihombashi19","uid":1842888}},{"type":"Feature","geometry":{"type":"Point","coordinates":[103.86120557785034,1.2234234855416162]},"properties":{"fee":"no","level":"0","access":"yes","amenity":"toilets","id":"node/4484869394","_lat":"1.2234234855416162","_lon":"103.86120557785034","timestamp":"2016-11-06T04:06:54Z","version":1,"changeset":43434412,"user":"nihombashi19","uid":1842888}},{"type":"Feature","geometry":{"type":"Point","coordinates":[103.84665727615356,1.2219003376874156]},"properties":{"amenity":"toilets","id":"node/1776801673","_lat":"1.2219003376874156","_lon":"103.84665727615356","timestamp":"2012-06-05T07:20:49Z","version":1,"changeset":11803307,"user":"matx17","uid":602634}},{"type":"Feature","geometry":{"type":"Point","coordinates":[103.85036945343018,1.2193260013230827]},"properties":{"access":"yes","shower":"yes","amenity":"toilets","wheelchair":"no","changing_table":"no","toilets:disposal":"flush","id":"node/1776801674","_lat":"1.2193260013230827","_lon":"103.85036945343018","timestamp":"2022-01-06T13:54:55Z","version":2,"changeset":115838572,"user":"osprey23","uid":14596606}},{"type":"Feature","geometry":{"type":"Point","coordinates":[103.8502836227417,1.3596665071986536]},"properties":{"access":"yes","unisex":"yes","amenity":"toilets","wheelchair":"yes","changing_table":"no","toilets:disposal":"flush","id":"node/9419700216","_lat":"1.3596665071986536","_lon":"103.8502836227417","timestamp":"2022-01-15T02:48:13Z","version":1,"changeset":116169931,"user":"tanchoonheong","uid":14848875}},{"type":"Feature","geometry":{"type":"Point","coordinates":[103.81271123886108,1.3570494068572145]},"properties":{"fee":"no","access":"yes","amenity":"toilets","check_date":"2023-10-29","toilets:disposal":"flush","toilets:handwashing":"yes","id":"node/563630419","_lat":"1.3570494068572145","_lon":"103.81271123886108","timestamp":"2023-10-29T11:38:00Z","version":3,"changeset":143308096,"user":"MapTheWalk","uid":10499594}},{"type":"Feature","geometry":{"type":"Point","coordinates":[103.82835388183594,1.3578002146221309]},"properties":{"amenity":"toilets","id":"node/5646322745","_lat":"1.3578002146221309","_lon":"103.82835388183594","timestamp":"2018-05-27T20:28:54Z","version":1,"changeset":59321829,"user":"Aditya Anggun","uid":8203237}},{"type":"Feature","geometry":{"type":"Point","coordinates":[103.87045383453369,1.351600680673826]},"properties":{"amenity":"toilets","id":"node/1531015633","_lat":"1.351600680673826","_lon":"103.87045383453369","timestamp":"2011-12-04T11:58:51Z","version":1,"changeset":10031310,"user":"huaiwei","uid":564272}},{"type":"Feature","geometry":{"type":"Point","coordinates":[103.83129358291626,1.354325045296818]},"properties":{"amenity":"toilets","id":"node/12642558801","_lat":"1.354325045296818","_lon":"103.83129358291626","timestamp":"2025-03-07T07:16:30Z","version":1,"changeset":163313125,"user":"leohackel","uid":5522755}},{"type":"Feature","geometry":{"type":"Point","coordinates":[103.85506868362427,1.350914226113261]},"properties":{"amenity":"toilets","id":"node/13775912666","_lat":"1.350914226113261","_lon":"103.85506868362427","timestamp":"2026-04-29T15:43:43Z","version":1,"changeset":181995852,"user":"wwa123q","uid":20272844}},{"type":"Feature","geometry":{"type":"Point","coordinates":[103.87365102767944,1.3492195405866312]},"properties":{"access":"permissive","amenity":"toilets","id":"node/8496084415","_lat":"1.3492195405866312","_lon":"103.87365102767944","timestamp":"2021-03-08T08:03:12Z","version":1,"changeset":100616741,"user":"btcprox","uid":5741766}},{"type":"Feature","geometry":{"type":"Point","coordinates":[103.832688331604,1.3412609383600085]},"properties":{"fee":"no","access":"yes","amenity":"toilets","check_date":"2023-07-02","wheelchair":"yes","toilets:disposal":"flush","toilets:handwashing":"yes","id":"node/4310323189","_lat":"1.3412609383600085","_lon":"103.832688331604","timestamp":"2023-07-11T14:24:01Z","version":2,"changeset":138383247,"user":"MapTheWalk","uid":10499594}},{"type":"Feature","geometry":{"type":"Point","coordinates":[103.84092807769775,1.341368197322538]},"properties":{"amenity":"toilets","id":"node/11779680659","_lat":"1.341368197322538","_lon":"103.84092807769775","timestamp":"2024-04-02T05:09:38Z","version":1,"changeset":149461646,"user":"leheng","uid":15587724}},{"type":"Feature","geometry":{"type":"Point","coordinates":[103.83504867553711,1.3423978831235104]},"properties":{"fee":"no","male":"yes","access":"yes","female":"yes","amenity":"toilets","operator":"National Parks Board","toilets:disposal":"flush","id":"node/1722468402","_lat":"1.3423978831235104","_lon":"103.83504867553711","timestamp":"2023-07-09T15:11:10Z","version":2,"changeset":138300173,"user":"MapTheWalk","uid":10499594}},{"type":"Feature","geometry":{"type":"Point","coordinates":[103.84998321533203,1.3420761063572684]},"properties":{"fee":"no","amenity":"toilets","wheelchair":"no","id":"node/11878351805","_lat":"1.3420761063572684","_lon":"103.84998321533203","timestamp":"2024-05-04T07:12:45Z","version":3,"changeset":150865147,"user":"bikepiper","uid":166133}},{"type":"Feature","geometry":{"type":"Point","coordinates":[103.8396406173706,1.3372279979606958]},"properties":{"fee":"no","layer":"-1","level":"-1","access":"yes","amenity":"toilets","location":"Caldecott Station Exit 1","id":"node/8672388974","_lat":"1.3372279979606958","_lon":"103.8396406173706","timestamp":"2021-04-27T15:39:09Z","version":1,"changeset":103717007,"user":"MapTheWalk","uid":10499594}},{"type":"Feature","geometry":{"type":"Point","coordinates":[103.84032726287842,1.3318435831654512]},"properties":{"access":"private","amenity":"toilets","toilets:disposal":"flush","toilets:handwashing":"yes","id":"node/11059747110","_lat":"1.3318435831654512","_lon":"103.84032726287842","timestamp":"2023-07-21T15:43:34Z","version":1,"changeset":138820002,"user":"gfhk","uid":13317518}},{"type":"Feature","geometry":{"type":"Point","coordinates":[103.80586624145508,1.328003694508837]},"properties":{"access":"private","amenity":"toilets","id":"node/10931147067","_lat":"1.328003694508837","_lon":"103.80586624145508","timestamp":"2023-05-27T07:35:24Z","version":1,"changeset":136613713,"user":"Doge05","uid":4026892}},{"type":"Feature","geometry":{"type":"Point","coordinates":[103.84672164916992,1.3271241660990682]},"properties":{"fee":"no","level":"0;1","access":"yes","amenity":"toilets","check_date":"2024-04-06","addr:street":"Ah Hood Road","addr:housenumber":"20","id":"node/11802121094","_lat":"1.3271241660990682","_lon":"103.84672164916992","timestamp":"2024-04-08T13:38:05Z","version":1,"changeset":149736202,"user":"MapTheWalk","uid":10499594}},{"type":"Feature","geometry":{"type":"Point","coordinates":[103.85569095611572,1.326051570054119]},"properties":{"fee":"no","male":"yes","access":"yes","female":"yes","amenity":"toilets","wheelchair":"yes","toilets:disposal":"flush","id":"node/11591805132","_lat":"1.326051570054119","_lon":"103.85569095611572","timestamp":"2026-01-22T03:40:53Z","version":2,"changeset":177547515,"user":"kenken234","uid":17241816}},{"type":"Feature","geometry":{"type":"Point","coordinates":[103.85021924972534,1.3259872142766511]},"properties":{"male":"no","access":"permissive","female":"yes","amenity":"toilets","id":"node/11520444346","_lat":"1.3259872142766511","_lon":"103.85021924972534","timestamp":"2024-01-16T01:14:35Z","version":1,"changeset":146303446,"user":"MapTheWalk","uid":10499594}},{"type":"Feature","geometry":{"type":"Point","coordinates":[103.86165618896484,1.325279300613957]},"properties":{"access":"yes","amenity":"toilets","id":"node/6718565804","_lat":"1.325279300613957","_lon":"103.86165618896484","timestamp":"2020-08-22T05:27:42Z","version":2,"changeset":89770490,"user":"MapTheWalk","uid":10499594}},{"type":"Feature","geometry":{"type":"Point","coordinates":[103.84933948516846,1.3255367237874367]},"properties":{"fee":"no","level":"0","access":"permissive","amenity":"toilets","check_date":"2024-03-13","wheelchair":"no","toilets:disposal":"flush","toilets:handwashing":"yes","id":"node/13478904079","_lat":"1.3255367237874367","_lon":"103.84933948516846","timestamp":"2026-01-23T11:32:31Z","version":1,"changeset":177604813,"user":"kenken234","uid":17241816}},{"type":"Feature","geometry":{"type":"Point","coordinates":[103.85066986083984,1.325622531505985]},"properties":{"male":"yes","access":"permissive","female":"no","amenity":"toilets","id":"node/11520444337","_lat":"1.325622531505985","_lon":"103.85066986083984","timestamp":"2024-01-16T01:14:35Z","version":1,"changeset":146303446,"user":"MapTheWalk","uid":10499594}},{"type":"Feature","geometry":{"type":"Point","coordinates":[103.81404161453247,1.3242710595935279]},"properties":{"unisex":"yes","amenity":"toilets","id":"node/11147652619","_lat":"1.3242710595935279","_lon":"103.81404161453247","timestamp":"2023-08-27T06:07:11Z","version":1,"changeset":140437258,"user":"leheng","uid":15587724}},{"type":"Feature","geometry":{"type":"Point","coordinates":[103.85687112808228,1.324764454186706]},"properties":{"fee":"no","access":"yes","amenity":"toilets","wheelchair":"yes","changing_table":"yes","id":"node/7321014288","_lat":"1.324764454186706","_lon":"103.85687112808228","timestamp":"2020-12-29T13:03:18Z","version":2,"changeset":96603232,"user":"MapTheWalk","uid":10499594}},{"type":"Feature","geometry":{"type":"Point","coordinates":[103.869788646698,1.321589565522828]},"properties":{"amenity":"toilets","id":"node/5724697768","_lat":"1.321589565522828","_lon":"103.869788646698","timestamp":"2018-06-28T05:42:31Z","version":1,"changeset":60235751,"user":"pyramid","uid":468895}},{"type":"Feature","geometry":{"type":"Point","coordinates":[103.81457805633545,1.3204955151100535]},"properties":{"amenity":"toilets","id":"node/9043834557","_lat":"1.3204955151100535","_lon":"103.81457805633545","timestamp":"2024-10-03T07:38:49Z","version":3,"changeset":157406124,"user":"leheng","uid":15587724}},{"type":"Feature","geometry":{"type":"Point","coordinates":[103.81779670715332,1.3207314868084552]},"properties":{"fee":"no","male":"yes","level":"0","access":"yes","female":"yes","amenity":"toilets","changing_table":"yes","drinking_water":"yes","toilets:disposal":"flush","toilets:position":"seated;urinal","toilets:handwashing":"yes","id":"node/5743945683","_lat":"1.3207314868084552","_lon":"103.81779670715332","timestamp":"2024-10-03T07:38:49Z","version":6,"changeset":157406124,"user":"leheng","uid":15587724}},{"type":"Feature","geometry":{"type":"Point","coordinates":[103.81807565689087,1.3207314868084552]},"properties":{"fee":"no","level":"0","female":"yes","amenity":"toilets","changing_table":"yes","toilets:disposal":"flush","toilets:position":"seated","id":"node/5743945684","_lat":"1.3207314868084552","_lon":"103.81807565689087","timestamp":"2024-10-03T07:38:49Z","version":4,"changeset":157406124,"user":"leheng","uid":15587724}},{"type":"Feature","geometry":{"type":"Point","coordinates":[103.81899833679199,1.3211390742347504]},"properties":{"amenity":"toilets","id":"node/6813566717","_lat":"1.3211390742347504","_lon":"103.81899833679199","timestamp":"2024-10-03T07:38:49Z","version":3,"changeset":157406124,"user":"leheng","uid":15587724}},{"type":"Feature","geometry":{"type":"Point","coordinates":[103.81500720977783,1.3222760282808963]},"properties":{"fee":"no","layer":"-1","level":"-1","access":"yes","amenity":"toilets","wheelchair":"yes","toilets:disposal":"flush","id":"node/8266886774","_lat":"1.3222760282808963","_lon":"103.81500720977783","timestamp":"2024-10-03T07:38:49Z","version":4,"changeset":157406124,"user":"leheng","uid":15587724}},{"type":"Feature","geometry":{"type":"Point","coordinates":[103.85524034500122,1.3228981349913909]},"properties":{"fee":"yes","level":"0","access":"yes","charge":"0.1 SGD","amenity":"toilets","check_date":"2023-05-21","addr:street":"Whampoa Drive","addr:housenumber":"90","toilets:disposal":"flush","toilets:handwashing":"yes","id":"node/6499063745","_lat":"1.3228981349913909","_lon":"103.85524034500122","timestamp":"2023-05-30T14:57:39Z","version":3,"changeset":136750988,"user":"MapTheWalk","uid":10499594}},{"type":"Feature","geometry":{"type":"Point","coordinates":[103.82700204849243,1.323412981806257]},"properties":{"fee":"no","access":"yes","amenity":"toilets","id":"node/10705916622","_lat":"1.323412981806257","_lon":"103.82700204849243","timestamp":"2023-03-03T06:43:03Z","version":1,"changeset":133237791,"user":"MapTheWalk","uid":10499594}},{"type":"Feature","geometry":{"type":"Point","coordinates":[103.8536524772644,1.3233271740112116]},"properties":{"fee":"yes","male":"yes","access":"yes","female":"yes","amenity":"toilets","survey:date":"2020-11-29","id":"node/8176574722","_lat":"1.3233271740112116","_lon":"103.8536524772644","timestamp":"2020-11-29T15:43:45Z","version":1,"changeset":94988549,"user":"XtFbHm2W","uid":10021102}},{"type":"Feature","geometry":{"type":"Point","coordinates":[103.81826877593994,1.3165912528514951]},"properties":{"amenity":"toilets","id":"node/6717827688","_lat":"1.3165912528514951","_lon":"103.81826877593994","timestamp":"2024-10-03T07:38:49Z","version":3,"changeset":157406124,"user":"leheng","uid":15587724}},{"type":"Feature","geometry":{"type":"Point","coordinates":[103.83513450622559,1.3167628689035666]},"properties":{"level":"0","access":"yes","amenity":"toilets","check_date":"2024-01-12","wheelchair":"yes","toilets:disposal":"flush","id":"node/11521903324","_lat":"1.3167628689035666","_lon":"103.83513450622559","timestamp":"2026-04-25T12:41:56Z","version":2,"changeset":181804679,"user":"wheelmap_visitor","uid":290680}},{"type":"Feature","geometry":{"type":"Point","coordinates":[103.87933731079102,1.3168915809348647]},"properties":{"fee":"yes","charge":"$0.10","amenity":"toilets","id":"node/7100769682","_lat":"1.3168915809348647","_lon":"103.87933731079102","timestamp":"2025-08-31T15:39:16Z","version":2,"changeset":171275371,"user":"bsvka","uid":11236721}},{"type":"Feature","geometry":{"type":"Point","coordinates":[103.85841608047485,1.3161836646805085]},"properties":{"amenity":"toilets","id":"node/11047781482","_lat":"1.3161836646805085","_lon":"103.85841608047485","timestamp":"2023-07-15T09:24:29Z","version":1,"changeset":138536580,"user":"leheng","uid":15587724}},{"type":"Feature","geometry":{"type":"Point","coordinates":[103.85755777359009,1.3160764046244395]},"properties":{"access":"private","amenity":"toilets","id":"node/10905360443","_lat":"1.3160764046244395","_lon":"103.85755777359009","timestamp":"2023-05-17T15:02:07Z","version":1,"changeset":136217504,"user":"leheng","uid":15587724}},{"type":"Feature","geometry":{"type":"Point","coordinates":[103.81779670715332,1.3162051166911652]},"properties":{"fee":"no","amenity":"toilets","id":"node/13383068141","_lat":"1.3162051166911652","_lon":"103.81779670715332","timestamp":"2025-12-17T09:57:35Z","version":2,"changeset":176041288,"user":"confusedbuffalo","uid":242345}},{"type":"Feature","geometry":{"type":"Point","coordinates":[103.80593061447144,1.3163767327697968]},"properties":{"fee":"no","access":"yes","amenity":"toilets","wheelchair":"yes","id":"node/12167950496","_lat":"1.3163767327697968","_lon":"103.80593061447144","timestamp":"2024-09-21T07:20:40Z","version":2,"changeset":156898609,"user":"Zrkr","uid":654336}},{"type":"Feature","geometry":{"type":"Point","coordinates":[103.81002902984619,1.314617667404022]},"properties":{"amenity":"toilets","check_date":"2023-06-02","toilets:disposal":"flush","id":"node/8527342119","_lat":"1.314617667404022","_lon":"103.81002902984619","timestamp":"2023-06-03T06:18:38Z","version":4,"changeset":136891003,"user":"MapTheWalk","uid":10499594}},{"type":"Feature","geometry":{"type":"Point","coordinates":[103.81627321243286,1.3149394477465393]},"properties":{"fee":"no","access":"yes","amenity":"toilets","check_date":"2024-12-01","wheelchair":"yes","changing_table":"yes","toilets:disposal":"flush","toilets:handwashing":"yes","id":"node/5034111521","_lat":"1.3149394477465393","_lon":"103.81627321243286","timestamp":"2024-12-22T11:23:09Z","version":9,"changeset":160497752,"user":"MapTheWalk","uid":10499594}},{"type":"Feature","geometry":{"type":"Point","coordinates":[103.8506269454956,1.314917995724997]},"properties":{"level":"0","access":"yes","amenity":"toilets","id":"node/11293429401","_lat":"1.314917995724997","_lon":"103.8506269454956","timestamp":"2023-10-27T15:36:33Z","version":1,"changeset":143217292,"user":"Shōhei Kagurazaka","uid":20467643}},{"type":"Feature","geometry":{"type":"Point","coordinates":[103.81436347961426,1.3141028187697685]},"properties":{"fee":"no","amenity":"toilets","wheelchair":"yes","id":"node/4337888289","_lat":"1.3141028187697685","_lon":"103.81436347961426","timestamp":"2024-10-03T07:38:49Z","version":7,"changeset":157406124,"user":"leheng","uid":15587724}},{"type":"Feature","geometry":{"type":"Point","coordinates":[103.80996465682983,1.3142315309382866]},"properties":{"amenity":"toilets","id":"node/9043830241","_lat":"1.3142315309382866","_lon":"103.80996465682983","timestamp":"2021-08-28T16:33:00Z","version":1,"changeset":110386995,"user":"JaLooooNz","uid":741163}},{"type":"Feature","geometry":{"type":"Point","coordinates":[103.81060838699341,1.3138882984741684]},"properties":{"amenity":"toilets","id":"node/9043819289","_lat":"1.3138882984741684","_lon":"103.81060838699341","timestamp":"2021-08-28T16:33:03Z","version":1,"changeset":110386995,"user":"JaLooooNz","uid":741163}},{"type":"Feature","geometry":{"type":"Point","coordinates":[103.86045455932617,1.313201833404463]},"properties":{"fee":"no","level":"0","access":"permissive","amenity":"toilets","check_date":"2023-05-09","addr:street":"Jalan Besar","addr:housenumber":"380","id":"node/7302203583","_lat":"1.313201833404463","_lon":"103.86045455932617","timestamp":"2023-05-14T15:14:59Z","version":3,"changeset":136089606,"user":"MapTheWalk","uid":10499594}},{"type":"Feature","geometry":{"type":"Point","coordinates":[103.81391286849976,1.3132876415484844]},"properties":{"amenity":"toilets","id":"node/11862078915","_lat":"1.3132876415484844","_lon":"103.81391286849976","timestamp":"2024-10-03T07:38:49Z","version":3,"changeset":157406124,"user":"leheng","uid":15587724}},{"type":"Feature","geometry":{"type":"Point","coordinates":[103.81326913833618,1.3134163537589956]},"properties":{"amenity":"toilets","id":"node/11862078916","_lat":"1.3134163537589956","_lon":"103.81326913833618","timestamp":"2024-10-03T07:38:49Z","version":3,"changeset":157406124,"user":"leheng","uid":15587724}},{"type":"Feature","geometry":{"type":"Point","coordinates":[103.90188932418823,1.3094906283589864]},"properties":{"amenity":"toilets","addr:street":"Onan Road","opening_hours":"24/7","addr:housenumber":"271","id":"node/13083741401","_lat":"1.3094906283589864","_lon":"103.90188932418823","timestamp":"2025-08-20T05:05:43Z","version":1,"changeset":170702275,"user":"CHY13","uid":1837788}},{"type":"Feature","geometry":{"type":"Point","coordinates":[103.88450860977173,1.3095764366302376]},"properties":{"fee":"no","indoor":"yes","amenity":"toilets","drinking_water":"yes","id":"node/6378310185","_lat":"1.3095764366302376","_lon":"103.88450860977173","timestamp":"2025-05-30T06:26:09Z","version":4,"changeset":166954016,"user":"Fizzie-DWG","uid":461130}},{"type":"Feature","geometry":{"type":"Point","coordinates":[103.88545274734497,1.308246408095684]},"properties":{"fee":"no","indoor":"yes","amenity":"toilets","drinking_water":"yes","id":"node/6378309985","_lat":"1.308246408095684","_lon":"103.88545274734497","timestamp":"2019-04-02T12:00:39Z","version":1,"changeset":68790538,"user":"bcd4e6","uid":8407331}},{"type":"Feature","geometry":{"type":"Point","coordinates":[103.88618230819702,1.3085681892574428]},"properties":{"fee":"no","indoor":"yes","amenity":"toilets","drinking_water":"yes","id":"node/6375722488","_lat":"1.3085681892574428","_lon":"103.88618230819702","timestamp":"2019-04-01T11:36:39Z","version":1,"changeset":68750903,"user":"bcd4e6","uid":8407331}},{"type":"Feature","geometry":{"type":"Point","coordinates":[103.89146089553833,1.3054576362994652]},"properties":{"fee":"no","access":"yes","amenity":"toilets","changing_table":"no","toilets:disposal":"flush","id":"node/5839495534","_lat":"1.3054576362994652","_lon":"103.89146089553833","timestamp":"2019-08-01T19:42:52Z","version":2,"changeset":72912914,"user":"thetornado76","uid":1624486}},{"type":"Feature","geometry":{"type":"Point","coordinates":[103.90291929244995,1.3036342069136566]},"properties":{"fee":"no","level":"0","access":"yes","amenity":"toilets","check_date":"2023-05-04","addr:street":"Marine Parade Road","addr:housenumber":"25","id":"node/10877063847","_lat":"1.3036342069136566","_lon":"103.90291929244995","timestamp":"2023-05-08T04:19:42Z","version":1,"changeset":135833530,"user":"MapTheWalk","uid":10499594}},{"type":"Feature","geometry":{"type":"Point","coordinates":[103.90731811523438,1.3014031856336743]},"properties":{"amenity":"toilets","id":"node/8399418599","_lat":"1.3014031856336743","_lon":"103.90731811523438","timestamp":"2021-02-06T13:17:21Z","version":1,"changeset":98813031,"user":"Doge05","uid":4026892}},{"type":"Feature","geometry":{"type":"Point","coordinates":[103.91420602798462,1.3015962548609536]},"properties":{"fee":"no","name":"Showers","amenity":"toilets","wheelchair":"yes","id":"node/4271006031","_lat":"1.3015962548609536","_lon":"103.91420602798462","timestamp":"2026-01-02T04:46:51Z","version":5,"changeset":176727951,"user":"gghx","uid":23643056}},{"type":"Feature","geometry":{"type":"Point","coordinates":[103.9075756072998,1.3000731527775855]},"properties":{"amenity":"toilets","wheelchair":"yes","id":"node/7140421897","_lat":"1.3000731527775855","_lon":"103.9075756072998","timestamp":"2023-05-27T12:45:16Z","version":2,"changeset":136620433,"user":"wheelmap_visitor","uid":290680}},{"type":"Feature","geometry":{"type":"Point","coordinates":[103.89950752258301,1.297155658898106]},"properties":{"level":"1","amenity":"toilets","id":"node/8664504677","_lat":"1.297155658898106","_lon":"103.89950752258301","timestamp":"2021-04-25T13:46:06Z","version":1,"changeset":103575230,"user":"JaLooooNz","uid":741163}},{"type":"Feature","geometry":{"type":"Point","coordinates":[103.90568733215332,1.2983998846408866]},"properties":{"fee":"no","ref":"C1-2","level":"0","access":"yes","shower":"yes","amenity":"toilets","check_date":"2023-02-19","wheelchair":"yes","toilets:disposal":"flush","id":"node/3149373189","_lat":"1.2983998846408866","_lon":"103.90568733215332","timestamp":"2023-05-27T12:51:58Z","version":8,"changeset":136620433,"user":"wheelmap_visitor","uid":290680}},{"type":"Feature","geometry":{"type":"Point","coordinates":[103.89330625534058,1.29518205818934]},"properties":{"amenity":"toilets","wheelchair":"yes","id":"node/560660134","_lat":"1.29518205818934","_lon":"103.89330625534058","timestamp":"2026-04-25T01:19:10Z","version":3,"changeset":181788661,"user":"wheelmap_visitor","uid":290680}},{"type":"Feature","geometry":{"type":"Point","coordinates":[103.88650417327881,1.2967480675734322]},"properties":{"amenity":"toilets","id":"node/4753255108","_lat":"1.2967480675734322","_lon":"103.88650417327881","timestamp":"2017-03-24T17:02:38Z","version":1,"changeset":47129734,"user":"Lmensgla","uid":360397}},{"type":"Feature","geometry":{"type":"Point","coordinates":[103.89963626861572,1.2967480675734322]},"properties":{"level":"1","amenity":"toilets","id":"node/8664590933","_lat":"1.2967480675734322","_lon":"103.89963626861572","timestamp":"2021-04-25T13:51:45Z","version":1,"changeset":103575483,"user":"JaLooooNz","uid":741163}},{"type":"Feature","geometry":{"type":"Point","coordinates":[103.89935731887817,1.29655499797569]},"properties":{"level":"1","amenity":"toilets","id":"node/8597980444","_lat":"1.29655499797569","_lon":"103.89935731887817","timestamp":"2021-04-25T13:46:10Z","version":2,"changeset":103575230,"user":"JaLooooNz","uid":741163}},{"type":"Feature","geometry":{"type":"Point","coordinates":[103.8398551940918,1.2473432285759287]},"properties":{"fee":"no","level":"0","access":"yes","amenity":"toilets","id":"node/11381484476","_lat":"1.2473432285759287","_lon":"103.8398551940918","timestamp":"2023-11-28T14:10:10Z","version":1,"changeset":144550753,"user":"MapTheWalk","uid":10499594}},{"type":"Feature","geometry":{"type":"Point","coordinates":[103.84225845336914,1.2473217759883823]},"properties":{"access":"yes","unisex":"yes","amenity":"toilets","toilets:disposal":"flush","id":"node/7149466465","_lat":"1.2473217759883823","_lon":"103.84225845336914","timestamp":"2020-01-21T18:33:05Z","version":1,"changeset":79872063,"user":"rene78","uid":257555}},{"type":"Feature","geometry":{"type":"Point","coordinates":[103.82440567016602,1.247750827706028]},"properties":{"fee":"no","amenity":"toilets","check_date":"2025-12-16","wheelchair":"yes","changing_table":"yes","id":"node/5698443753","_lat":"1.247750827706028","_lon":"103.82440567016602","timestamp":"2025-12-16T08:34:25Z","version":6,"changeset":175993831,"user":"confusedbuffalo","uid":242345}},{"type":"Feature","geometry":{"type":"Point","coordinates":[103.82848262786865,1.2434817600034336]},"properties":{"fee":"no","male":"yes","access":"yes","female":"yes","amenity":"toilets","drinking_water":"yes","id":"node/9875833654","_lat":"1.2434817600034336","_lon":"103.82848262786865","timestamp":"2022-07-09T07:22:24Z","version":1,"changeset":123389996,"user":"MapTheWalk","uid":10499594}},{"type":"Feature","geometry":{"type":"Point","coordinates":[103.86414527893066,1.3106919438892248]},"properties":{"fee":"no","level":"0","amenity":"toilets","toilets:disposal":"flush","id":"node/13479259799","_lat":"1.3106919438892248","_lon":"103.86414527893066","timestamp":"2026-01-23T14:38:11Z","version":1,"changeset":177612325,"user":"jakecopp","uid":7546794}},{"type":"Feature","geometry":{"type":"Point","coordinates":[103.83994102478027,1.3119147108906617]},"properties":{"fee":"no","access":"yes","amenity":"toilets","wheelchair":"designated","id":"node/9881906299","_lat":"1.3119147108906617","_lon":"103.83994102478027","timestamp":"2022-07-11T21:03:53Z","version":1,"changeset":123491888,"user":"nihombashi19","uid":1842888}},{"type":"Feature","geometry":{"type":"Point","coordinates":[103.85661363601685,1.3117645465542438]},"properties":{"access":"yes","amenity":"toilets","id":"node/8071642478","_lat":"1.3117645465542438","_lon":"103.85661363601685","timestamp":"2020-11-01T14:18:14Z","version":1,"changeset":93369390,"user":"MapTheWalk","uid":10499594}},{"type":"Feature","geometry":{"type":"Point","coordinates":[103.86309385299683,1.3117645465542438]},"properties":{"level":"0","access":"permissive","amenity":"toilets","check_date":"2023-06-15","id":"node/10992300843","_lat":"1.3117645465542438","_lon":"103.86309385299683","timestamp":"2023-06-20T15:18:09Z","version":1,"changeset":137568450,"user":"MapTheWalk","uid":10499594}},{"type":"Feature","geometry":{"type":"Point","coordinates":[103.87189149856567,1.311785998602872]},"properties":{"amenity":"toilets","id":"node/4281193590","_lat":"1.311785998602872","_lon":"103.87189149856567","timestamp":"2016-07-03T21:50:34Z","version":1,"changeset":40467151,"user":"djndk","uid":3781899}},{"type":"Feature","geometry":{"type":"Point","coordinates":[103.86017560958862,1.3120863272641117]},"properties":{"fee":"no","level":"0","access":"customers","amenity":"toilets","id":"node/5055589401","_lat":"1.3120863272641117","_lon":"103.86017560958862","timestamp":"2020-09-15T14:15:24Z","version":2,"changeset":90931675,"user":"MapTheWalk","uid":10499594}},{"type":"Feature","geometry":{"type":"Point","coordinates":[103.85478973388672,1.3122579436257809]},"properties":{"level":"-1","access":"yes","amenity":"toilets","id":"node/7773262095","_lat":"1.3122579436257809","_lon":"103.85478973388672","timestamp":"2020-07-31T14:49:05Z","version":1,"changeset":88787936,"user":"MapTheWalk","uid":10499594}},{"type":"Feature","geometry":{"type":"Point","coordinates":[103.85165691375732,1.3050929505280493]},"properties":{"fee":"no","level":"-1;0;1","access":"yes","amenity":"toilets","check_date":"2024-01-24","wheelchair":"designated","id":"node/9893218546","_lat":"1.3050929505280493","_lon":"103.85165691375732","timestamp":"2024-01-29T06:19:49Z","version":2,"changeset":146806143,"user":"MapTheWalk","uid":10499594}},{"type":"Feature","geometry":{"type":"Point","coordinates":[103.87425184249878,1.3057365136183847]},"properties":{"level":"2","amenity":"toilets","id":"node/9942272938","_lat":"1.3057365136183847","_lon":"103.87425184249878","timestamp":"2022-08-09T11:03:03Z","version":1,"changeset":124679912,"user":"btcprox","uid":5741766}},{"type":"Feature","geometry":{"type":"Point","coordinates":[103.85101318359375,1.306036843004179]},"properties":{"fee":"yes","access":"yes","amenity":"toilets","wheelchair":"designated","id":"node/5484076763","_lat":"1.306036843004179","_lon":"103.85101318359375","timestamp":"2018-03-17T07:58:39Z","version":1,"changeset":57261446,"user":"nihombashi19","uid":1842888}},{"type":"Feature","geometry":{"type":"Point","coordinates":[103.8627290725708,1.308010435217497]},"properties":{"fee":"yes","charge":"0.10 SGD","amenity":"toilets","id":"node/9621250815","_lat":"1.308010435217497","_lon":"103.8627290725708","timestamp":"2025-04-08T00:43:05Z","version":3,"changeset":164656717,"user":"PurplePurplePurple","uid":19547380}},{"type":"Feature","geometry":{"type":"Point","coordinates":[103.83373975753784,1.3070450913939027]},"properties":{"access":"yes","amenity":"toilets","check_date":"2024-02-24","id":"node/11663229543","_lat":"1.3070450913939027","_lon":"103.83373975753784","timestamp":"2024-02-25T16:38:54Z","version":1,"changeset":147899342,"user":"MapTheWalk","uid":10499594}},{"type":"Feature","geometry":{"type":"Point","coordinates":[103.84936094284058,1.3067447621286448]},"properties":{"fee":"no","layer":"-1","level":"-1","access":"yes","indoor":"yes","amenity":"toilets","check_date":"2023-06-21","id":"node/6652368677","_lat":"1.3067447621286448","_lon":"103.84936094284058","timestamp":"2023-06-22T16:31:17Z","version":3,"changeset":137654811,"user":"MapTheWalk","uid":10499594}},{"type":"Feature","geometry":{"type":"Point","coordinates":[103.85206460952759,1.304621004157113]},"properties":{"fee":"no","level":"0","access":"permissive","amenity":"toilets","id":"node/11559875657","_lat":"1.304621004157113","_lon":"103.85206460952759","timestamp":"2024-01-28T15:36:04Z","version":1,"changeset":146783777,"user":"MapTheWalk","uid":10499594}},{"type":"Feature","geometry":{"type":"Point","coordinates":[103.86699914932251,1.3038058238533523]},"properties":{"fee":"no","access":"yes","amenity":"toilets","wheelchair":"limited","survey:date":"2020-12-05","toilets:disposal":"flush","id":"node/8274109822","_lat":"1.3038058238533523","_lon":"103.86699914932251","timestamp":"2020-12-30T13:46:40Z","version":1,"changeset":96671853,"user":"XtFbHm2W","uid":10021102}},{"type":"Feature","geometry":{"type":"Point","coordinates":[103.84356737136841,1.3036342069136566]},"properties":{"amenity":"toilets","check_date":"2023-07-23","wheelchair":"no","toilets:disposal":"flush","id":"node/11090494231","_lat":"1.3036342069136566","_lon":"103.84356737136841","timestamp":"2023-08-04T21:25:19Z","version":1,"changeset":139458515,"user":"MapTheWalk","uid":10499594}},{"type":"Feature","geometry":{"type":"Point","coordinates":[103.85654926300049,1.303419685722588]},"properties":{"level":"0","access":"yes","amenity":"toilets","id":"node/5023770456","_lat":"1.303419685722588","_lon":"103.85654926300049","timestamp":"2022-05-05T12:37:44Z","version":2,"changeset":120587534,"user":"JaLooooNz","uid":741163}},{"type":"Feature","geometry":{"type":"Point","coordinates":[103.86375904083252,1.3032909729991786]},"properties":{"amenity":"toilets","wheelchair":"yes","id":"node/5710436659","_lat":"1.3032909729991786","_lon":"103.86375904083252","timestamp":"2025-06-01T01:24:01Z","version":5,"changeset":167032921,"user":"Fizzie-DWG","uid":461130}},{"type":"Feature","geometry":{"type":"Point","coordinates":[103.86204242706299,1.303205164513244]},"properties":{"fee":"no","level":"0","access":"yes","amenity":"toilets","wheelchair":"no","toilets:disposal":"flush","toilets:position":"seated;urinal","id":"node/9890011477","_lat":"1.303205164513244","_lon":"103.86204242706299","timestamp":"2025-04-19T07:19:41Z","version":2,"changeset":165140508,"user":"wheelmap_visitor","uid":290680}},{"type":"Feature","geometry":{"type":"Point","coordinates":[103.85303020477295,1.3026045050298762]},"properties":{"fee":"no","level":"-1","access":"yes","amenity":"toilets","id":"node/9897471471","_lat":"1.3026045050298762","_lon":"103.85303020477295","timestamp":"2022-07-19T12:59:03Z","version":1,"changeset":123807555,"user":"nihombashi19","uid":1842888}},{"type":"Feature","geometry":{"type":"Point","coordinates":[103.86251449584961,1.3022612709751087]},"properties":{"amenity":"toilets","wheelchair":"yes","toilets:disposal":"flush","id":"node/10971271450","_lat":"1.3022612709751087","_lon":"103.86251449584961","timestamp":"2023-06-12T14:25:20Z","version":1,"changeset":137247269,"user":"leheng","uid":15587724}},{"type":"Feature","geometry":{"type":"Point","coordinates":[103.85710716247559,1.3014460899076852]},"properties":{"amenity":"toilets","id":"node/7103685386","_lat":"1.3014460899076852","_lon":"103.85710716247559","timestamp":"2020-01-03T03:08:24Z","version":1,"changeset":79138252,"user":"Yahtzee","uid":7340534}},{"type":"Feature","geometry":{"type":"Point","coordinates":[103.85427474975586,1.3008239778631747]},"properties":{"fee":"yes","level":"0","access":"yes","amenity":"toilets","wheelchair":"designated","id":"node/4485271442","_lat":"1.3008239778631747","_lon":"103.85427474975586","timestamp":"2023-10-27T15:36:33Z","version":2,"changeset":143217292,"user":"Shōhei Kagurazaka","uid":20467643}},{"type":"Feature","geometry":{"type":"Point","coordinates":[103.86652708053589,1.3009955949942196]},"properties":{"fee":"no","fixme":"building is missing","access":"yes","amenity":"toilets","check_date":"2023-06-04","wheelchair":"yes","toilets:disposal":"flush","toilets:handwashing":"yes","id":"node/6556799054","_lat":"1.3009955949942196","_lon":"103.86652708053589","timestamp":"2023-06-08T13:33:24Z","version":2,"changeset":137097697,"user":"MapTheWalk","uid":10499594}},{"type":"Feature","geometry":{"type":"Point","coordinates":[103.87290000915527,1.3009955949942196]},"properties":{"amenity":"toilets","id":"node/7099150486","_lat":"1.3009955949942196","_lon":"103.87290000915527","timestamp":"2020-01-01T03:33:04Z","version":1,"changeset":79072868,"user":"rpodgorny","uid":1901}},{"type":"Feature","geometry":{"type":"Point","coordinates":[103.8517427444458,1.2983998846408866]},"properties":{"access":"yes","amenity":"toilets","id":"node/10771041184","_lat":"1.2983998846408866","_lon":"103.8517427444458","timestamp":"2023-03-29T14:00:06Z","version":1,"changeset":134264796,"user":"nihombashi19","uid":1842888}},{"type":"Feature","geometry":{"type":"Point","coordinates":[103.85262250900269,1.297906484850614]},"properties":{"fee":"no","level":"2","access":"permissive","amenity":"toilets","portable":"no","addr:floor":"3","check_date":"2025-06-04","wheelchair":"yes","addr:street":"Queen Street","addr:housenumber":"15","toilets:disposal":"flush","toilets:handwashing":"yes","id":"node/12886478778","_lat":"1.297906484850614","_lon":"103.85262250900269","timestamp":"2025-06-04T10:48:57Z","version":1,"changeset":167172675,"user":"Ignis Incendio","uid":10130990}},{"type":"Feature","geometry":{"type":"Point","coordinates":[103.8526439666748,1.297885032683638]},"properties":{"fee":"no","level":"2","access":"permissive","amenity":"toilets","addr:floor":"3","check_date":"2025-06-04","wheelchair":"limited","addr:street":"Queen Street","gender_access":"male","changing_table":"no","addr:housenumber":"15","toilets:disposal":"flush","id":"node/12885534599","_lat":"1.297885032683638","_lon":"103.8526439666748","timestamp":"2025-06-06T03:59:30Z","version":2,"changeset":167248524,"user":"Ignis Incendio","uid":10130990}},{"type":"Feature","geometry":{"type":"Point","coordinates":[103.85266542434692,1.297885032683638]},"properties":{"fee":"no","level":"2","access":"permissive","amenity":"toilets","addr:floor":"3","check_date":"2025-06-04","wheelchair":"limited","addr:street":"Queen Street","gender_access":"female","addr:housenumber":"15","toilets:disposal":"flush","id":"node/12885534600","_lat":"1.297885032683638","_lon":"103.85266542434692","timestamp":"2025-06-06T03:59:32Z","version":2,"changeset":167248524,"user":"Ignis Incendio","uid":10130990}},{"type":"Feature","geometry":{"type":"Point","coordinates":[103.85004758834839,1.2980137456827947]},"properties":{"fee":"no","level":"0","access":"yes","amenity":"toilets","wheelchair":"designated","id":"node/10771041141","_lat":"1.2980137456827947","_lon":"103.85004758834839","timestamp":"2023-03-29T14:00:06Z","version":1,"changeset":134264796,"user":"nihombashi19","uid":1842888}},{"type":"Feature","geometry":{"type":"Point","coordinates":[103.85586261749268,1.2983140759886425]},"properties":{"unisex":"yes","amenity":"toilets","id":"node/11037228261","_lat":"1.2983140759886425","_lon":"103.85586261749268","timestamp":"2023-07-10T11:51:07Z","version":1,"changeset":138334118,"user":"leheng","uid":15587724}},{"type":"Feature","geometry":{"type":"Point","coordinates":[103.84560585021973,1.2978206761816153]},"properties":{"amenity":"toilets","addr:street":"Penang Road","addr:housenumber":"9","id":"node/13088637301","_lat":"1.2978206761816153","_lon":"103.84560585021973","timestamp":"2025-08-22T06:34:43Z","version":1,"changeset":170812253,"user":"CHY13","uid":1837788}},{"type":"Feature","geometry":{"type":"Point","coordinates":[103.857901096344,1.297091302377524]},"properties":{"access":"yes","amenity":"toilets","addr:floor":"1","check_date":"2024-10-18","changing_table":"no","toilets:disposal":"flush","id":"node/12260876965","_lat":"1.297091302377524","_lon":"103.857901096344","timestamp":"2024-10-18T10:44:42Z","version":1,"changeset":158044534,"user":"redwhite39","uid":22051284}},{"type":"Feature","geometry":{"type":"Point","coordinates":[103.85015487670898,1.2970698502036413]},"properties":{"fee":"no","level":"-1","access":"yes","amenity":"toilets","id":"node/11293429392","_lat":"1.2970698502036413","_lon":"103.85015487670898","timestamp":"2023-10-27T15:36:33Z","version":1,"changeset":143217292,"user":"Shōhei Kagurazaka","uid":20467643}},{"type":"Feature","geometry":{"type":"Point","coordinates":[103.84968280792236,1.2973058241064308]},"properties":{"level":"-1","access":"yes","amenity":"toilets","id":"node/11293429415","_lat":"1.2973058241064308","_lon":"103.84968280792236","timestamp":"2023-10-27T15:36:33Z","version":1,"changeset":143217292,"user":"Shōhei Kagurazaka","uid":20467643}},{"type":"Feature","geometry":{"type":"Point","coordinates":[103.85760068893433,1.2992365188477777]},"properties":{"level":"-3","access":"yes","amenity":"toilets","addr:floor":"B3","check_date":"2025-01-28","id":"node/10134059378","_lat":"1.2992365188477777","_lon":"103.85760068893433","timestamp":"2025-01-31T15:31:04Z","version":2,"changeset":161981419,"user":"MapTheWalk","uid":10499594}},{"type":"Feature","geometry":{"type":"Point","coordinates":[103.85318040847778,1.299579753314049]},"properties":{"fee":"no","level":"0","access":"permissive","amenity":"toilets","wheelchair":"yes","toilets:wheelchair":"designated","id":"node/5473002032","_lat":"1.299579753314049","_lon":"103.85318040847778","timestamp":"2019-11-29T06:30:42Z","version":2,"changeset":77706825,"user":"wheelmap_visitor","uid":290680}},{"type":"Feature","geometry":{"type":"Point","coordinates":[103.85169982910156,1.3000302484802404]},"properties":{"fee":"no","level":"0","access":"yes","amenity":"toilets","wheelchair":"designated","id":"node/9885064184","_lat":"1.3000302484802404","_lon":"103.85169982910156","timestamp":"2022-07-13T12:15:47Z","version":1,"changeset":123562989,"user":"nihombashi19","uid":1842888}},{"type":"Feature","geometry":{"type":"Point","coordinates":[103.85234355926514,1.3002447699597042]},"properties":{"fee":"no","level":"0","access":"yes","amenity":"toilets","id":"node/9885064186","_lat":"1.3002447699597042","_lon":"103.85234355926514","timestamp":"2025-11-05T12:07:06Z","version":2,"changeset":174238115,"user":"wmxwu","uid":20503922}},{"type":"Feature","geometry":{"type":"Point","coordinates":[103.85373830795288,1.300094604925988]},"properties":{"fee":"no","access":"yes","amenity":"toilets","id":"node/5484076748","_lat":"1.300094604925988","_lon":"103.85373830795288","timestamp":"2018-03-17T07:58:38Z","version":1,"changeset":57261446,"user":"nihombashi19","uid":1842888}},{"type":"Feature","geometry":{"type":"Point","coordinates":[103.85088443756104,1.3003520306925935]},"properties":{"fee":"no","level":"0","access":"yes","amenity":"toilets","wheelchair":"designated","id":"node/11293429387","_lat":"1.3003520306925935","_lon":"103.85088443756104","timestamp":"2023-10-27T15:36:33Z","version":1,"changeset":143217292,"user":"Shōhei Kagurazaka","uid":20467643}},{"type":"Feature","geometry":{"type":"Point","coordinates":[103.84921073913574,1.3005236478557407]},"properties":{"note":"on all? floors","unisex":"yes","amenity":"toilets","waste_basket":"yes","id":"node/9941734488","_lat":"1.3005236478557407","_lon":"103.84921073913574","timestamp":"2023-08-26T17:45:48Z","version":2,"changeset":140422842,"user":"leheng","uid":15587724}},{"type":"Feature","geometry":{"type":"Point","coordinates":[103.85335206985474,1.3004592914209354]},"properties":{"fee":"no","level":"0","access":"yes","amenity":"toilets","wheelchair":"designated","toilets:disposal":"flush","toilets:position":"seated;urinal","id":"node/9885064183","_lat":"1.3004592914209354","_lon":"103.85335206985474","timestamp":"2023-03-29T14:00:06Z","version":2,"changeset":134264796,"user":"nihombashi19","uid":1842888}},{"type":"Feature","geometry":{"type":"Point","coordinates":[103.85212898254395,1.30067381286392]},"properties":{"level":"1","access":"customers","amenity":"toilets","check_date":"2024-03-17","id":"node/11754949210","_lat":"1.30067381286392","_lon":"103.85212898254395","timestamp":"2024-03-23T08:25:59Z","version":1,"changeset":149041034,"user":"MapTheWalk","uid":10499594}},{"type":"Feature","geometry":{"type":"Point","coordinates":[103.83180856704712,1.2931655515298814]},"properties":{"fee":"no","amenity":"toilets","portable":"no","toilets:disposal":"flush","toilets:handwashing":"yes","id":"node/8277411856","_lat":"1.2931655515298814","_lon":"103.83180856704712","timestamp":"2020-12-31T09:14:42Z","version":1,"changeset":96718662,"user":"Doge05","uid":4026892}},{"type":"Feature","geometry":{"type":"Point","coordinates":[103.85247230529785,1.293101194907976]},"properties":{"level":"-1","amenity":"toilets","check_date":"2025-06-04","wheelchair":"yes","toilets:disposal":"flush","id":"node/9354942743","_lat":"1.293101194907976","_lon":"103.85247230529785","timestamp":"2025-06-04T11:07:47Z","version":2,"changeset":167173621,"user":"Ignis Incendio","uid":10130990}},{"type":"Feature","geometry":{"type":"Point","coordinates":[103.8542103767395,1.294688657771914]},"properties":{"amenity":"toilets","id":"node/11395238461","_lat":"1.294688657771914","_lon":"103.8542103767395","timestamp":"2023-12-05T03:06:28Z","version":1,"changeset":144776022,"user":"rene78","uid":257555}},{"type":"Feature","geometry":{"type":"Point","coordinates":[103.8526439666748,1.294688657771914]},"properties":{"amenity":"toilets","id":"node/1936884592","_lat":"1.294688657771914","_lon":"103.8526439666748","timestamp":"2012-09-28T15:23:28Z","version":1,"changeset":13286016,"user":"matx17","uid":602634}},{"type":"Feature","geometry":{"type":"Point","coordinates":[103.85215044021606,1.294753014353546]},"properties":{"level":"0","amenity":"toilets","id":"node/13307126061","_lat":"1.294753014353546","_lon":"103.85215044021606","timestamp":"2025-11-15T21:32:10Z","version":1,"changeset":174704990,"user":"leheng","uid":15587724}},{"type":"Feature","geometry":{"type":"Point","coordinates":[103.84824514389038,1.296833876278825]},"properties":{"fee":"no","amenity":"toilets","check_date":"2024-10-16","id":"node/4297812190","_lat":"1.296833876278825","_lon":"103.84824514389038","timestamp":"2024-10-16T04:35:25Z","version":4,"changeset":157946572,"user":"Ropino","uid":42123}},{"type":"Feature","geometry":{"type":"Point","coordinates":[103.8530945777893,1.2967909719264838]},"properties":{"fee":"no","level":"0;1;2;3","access":"yes","indoor":"yes","amenity":"toilets","addr:floor":"1;2;3;4","check_date":"2024-04-14","wheelchair":"yes","changing_table":"yes","toilets:disposal":"flush","id":"node/10287172718","_lat":"1.2967909719264838","_lon":"103.8530945777893","timestamp":"2024-04-14T16:25:23Z","version":2,"changeset":150000608,"user":"MapTheWalk","uid":10499594}},{"type":"Feature","geometry":{"type":"Point","coordinates":[103.848717212677,1.296276119641817]},"properties":{"fee":"no","amenity":"toilets","check_date":"2024-10-16","id":"node/4297812089","_lat":"1.296276119641817","_lon":"103.848717212677","timestamp":"2024-10-16T04:35:26Z","version":3,"changeset":157946572,"user":"Ropino","uid":42123}},{"type":"Feature","geometry":{"type":"Point","coordinates":[103.85448932647705,1.2956540063248383]},"properties":{"level":"1","access":"permissive","amenity":"toilets","operator":"Raffles Hotel","wheelchair":"yes","id":"node/7053734391","_lat":"1.2956540063248383","_lon":"103.85448932647705","timestamp":"2019-12-13T06:12:28Z","version":1,"changeset":78353860,"user":"MapTheWalk","uid":10499594}},{"type":"Feature","geometry":{"type":"Point","coordinates":[103.846914768219,1.2949246318965777]},"properties":{"amenity":"toilets","id":"node/1833153717","_lat":"1.2949246318965777","_lon":"103.846914768219","timestamp":"2012-07-21T13:56:39Z","version":1,"changeset":12410990,"user":"rene78","uid":257555}},{"type":"Feature","geometry":{"type":"Point","coordinates":[103.84888887405396,1.2950533450462274]},"properties":{"fee":"no","amenity":"toilets","check_date":"2024-09-10","wheelchair":"no","id":"node/5841113187","_lat":"1.2950533450462274","_lon":"103.84888887405396","timestamp":"2024-09-10T05:36:53Z","version":4,"changeset":156422510,"user":"KatachiX","uid":21921460}},{"type":"Feature","geometry":{"type":"Point","coordinates":[103.87650489807129,1.293208455943585]},"properties":{"amenity":"toilets","id":"node/9407238561","_lat":"1.293208455943585","_lon":"103.87650489807129","timestamp":"2022-01-10T11:08:28Z","version":1,"changeset":115976860,"user":"Jonas Hansen","uid":30930}},{"type":"Feature","geometry":{"type":"Point","coordinates":[103.84442567825317,1.2927579595635734]},"properties":{"fee":"no","level":"-1","access":"yes","amenity":"toilets","operator":"SBS Transit","check_date":"2024-10-11","wheelchair":"no","opening_hours":"06:00-24:00","changing_table":"no","toilets:disposal":"flush","toilets:position":"seated;squat","toilets:handwashing":"yes","id":"node/12243551703","_lat":"1.2927579595635734","_lon":"103.84442567825317","timestamp":"2024-10-11T08:38:14Z","version":1,"changeset":157746500,"user":"redwhite39","uid":22051284}},{"type":"Feature","geometry":{"type":"Point","coordinates":[103.84588479995728,1.292178749814667]},"properties":{"amenity":"toilets","id":"node/13377838802","_lat":"1.292178749814667","_lon":"103.84588479995728","timestamp":"2025-12-15T09:42:09Z","version":1,"changeset":175951337,"user":"confusedbuffalo","uid":242345}},{"type":"Feature","geometry":{"type":"Point","coordinates":[103.84800910949707,1.2923718197456395]},"properties":{"amenity":"toilets","id":"node/5456745222","_lat":"1.2923718197456395","_lon":"103.84800910949707","timestamp":"2018-03-05T13:08:13Z","version":1,"changeset":56902844,"user":"Lmensgla","uid":360397}},{"type":"Feature","geometry":{"type":"Point","coordinates":[103.8392972946167,1.2922860108892422]},"properties":{"male":"yes","name":"Beauté Hub","shop":"beauty","level":"2","access":"yes","female":"yes","amenity":"toilets","toilets:disposal":"flush","id":"node/6780648691","_lat":"1.2922860108892422","_lon":"103.8392972946167","timestamp":"2025-05-30T06:02:52Z","version":6,"changeset":166953369,"user":"Fizzie-DWG","uid":461130}},{"type":"Feature","geometry":{"type":"Point","coordinates":[103.84279489517212,1.2922860108892422]},"properties":{"fee":"no","access":"yes","amenity":"toilets","addr:floor":"1","check_date":"2024-10-13","toilets:disposal":"flush","id":"node/12247578811","_lat":"1.2922860108892422","_lon":"103.84279489517212","timestamp":"2024-10-13T04:20:08Z","version":1,"changeset":157819132,"user":"redwhite39","uid":22051284}},{"type":"Feature","geometry":{"type":"Point","coordinates":[103.83848190307617,1.2926936029313225]},"properties":{"male":"yes","access":"yes","female":"yes","amenity":"toilets","toilets:disposal":"flush","id":"node/11335540714","_lat":"1.2926936029313225","_lon":"103.83848190307617","timestamp":"2025-05-12T13:34:12Z","version":3,"changeset":166153143,"user":"DeepScanBot","uid":22845652}},{"type":"Feature","geometry":{"type":"Point","coordinates":[103.8582444190979,1.2918784187817494]},"properties":{"male":"yes","level":"1","amenity":"toilets","portable":"no","toilets:disposal":"flush","toilets:position":"seated;squat;urinal","toilets:handwashing":"yes","id":"node/8354883601","_lat":"1.2918784187817494","_lon":"103.8582444190979","timestamp":"2021-01-23T14:57:22Z","version":1,"changeset":98023471,"user":"Doge05","uid":4026892}},{"type":"Feature","geometry":{"type":"Point","coordinates":[103.85826587677002,1.2918569665637705]},"properties":{"level":"1","female":"yes","amenity":"toilets","portable":"no","toilets:disposal":"flush","toilets:position":"seated","toilets:handwashing":"yes","id":"node/8354883600","_lat":"1.2918569665637705","_lon":"103.85826587677002","timestamp":"2025-09-05T14:51:51Z","version":3,"changeset":171503550,"user":"GrabSG_AndyAng","uid":21274046}},{"type":"Feature","geometry":{"type":"Point","coordinates":[103.85021924972534,1.2911704954923096]},"properties":{"level":"-2","access":"customers","indoor":"yes","amenity":"toilets","wheelchair":"designated","id":"node/11113357241","_lat":"1.2911704954923096","_lon":"103.85021924972534","timestamp":"2023-08-14T07:13:14Z","version":1,"changeset":139856382,"user":"Valerio_Bozzolan","uid":1875845}},{"type":"Feature","geometry":{"type":"Point","coordinates":[103.85021924972534,1.2911919477161007]},"properties":{"level":"-2","access":"customers","indoor":"yes","amenity":"toilets","wheelchair":"no","gender_segregated":"yes","toilets:hands_drying":"electric_hand_dryer","id":"node/11113357237","_lat":"1.2911919477161007","_lon":"103.85021924972534","timestamp":"2023-08-14T07:13:14Z","version":1,"changeset":139856382,"user":"Valerio_Bozzolan","uid":1875845}},{"type":"Feature","geometry":{"type":"Point","coordinates":[103.84646415710449,1.2903338586233275]},"properties":{"fee":"no","access":"yes","amenity":"toilets","description":"Very clean.","toilets:disposal":"flush","id":"node/11395313472","_lat":"1.2903338586233275","_lon":"103.84646415710449","timestamp":"2023-12-06T14:33:53Z","version":2,"changeset":144831379,"user":"rene78","uid":257555}},{"type":"Feature","geometry":{"type":"Point","coordinates":[103.84796619415283,1.2904411197757497]},"properties":{"amenity":"toilets","id":"node/9897471472","_lat":"1.2904411197757497","_lon":"103.84796619415283","timestamp":"2022-07-19T12:59:03Z","version":1,"changeset":123807555,"user":"nihombashi19","uid":1842888}},{"type":"Feature","geometry":{"type":"Point","coordinates":[103.85406017303467,1.2895830304296965]},"properties":{"amenity":"toilets","id":"node/13461895001","_lat":"1.2895830304296965","_lon":"103.85406017303467","timestamp":"2026-01-17T08:52:44Z","version":1,"changeset":177326893,"user":"Mareczek86","uid":10317051}},{"type":"Feature","geometry":{"type":"Point","coordinates":[103.84541273117065,1.290012075138904]},"properties":{"fee":"no","male":"yes","access":"yes","amenity":"toilets","wheelchair":"designated","id":"node/9893218553","_lat":"1.290012075138904","_lon":"103.84541273117065","timestamp":"2022-07-17T12:40:17Z","version":1,"changeset":123719835,"user":"nihombashi19","uid":1842888}},{"type":"Feature","geometry":{"type":"Point","coordinates":[103.85590553283691,1.2897975527933454]},"properties":{"level":"1;2;3","access":"yes","amenity":"toilets","check_date":"2024-08-23","id":"node/11816822661","_lat":"1.2897975527933454","_lon":"103.85590553283691","timestamp":"2024-08-26T00:21:56Z","version":2,"changeset":155759380,"user":"MapTheWalk","uid":10499594}},{"type":"Feature","geometry":{"type":"Point","coordinates":[103.8562273979187,1.2894328647643931]},"properties":{"fee":"no","level":"0","access":"yes","amenity":"toilets","check_date":"2023-07-08","wheelchair":"yes","changing_table":"yes","toilets:disposal":"flush","id":"node/11039879147","_lat":"1.2894328647643931","_lon":"103.8562273979187","timestamp":"2024-01-03T14:25:36Z","version":2,"changeset":145841922,"user":"Airiver","uid":13901111}},{"type":"Feature","geometry":{"type":"Point","coordinates":[103.84702205657959,1.2893685080479855]},"properties":{"fee":"no","male":"yes","level":"0;1","access":"yes","female":"yes","amenity":"toilets","check_date":"2025-05-12","wheelchair":"designated","toilets:disposal":"flush","toilets:position":"seated;urinal","id":"node/9893218558","_lat":"1.2893685080479855","_lon":"103.84702205657959","timestamp":"2025-05-30T05:42:57Z","version":5,"changeset":166952864,"user":"Fizzie-DWG","uid":461130}},{"type":"Feature","geometry":{"type":"Point","coordinates":[103.85695695877075,1.289389960286968]},"properties":{"fee":"no","fixme":"fee","amenity":"toilets","check_date":"2024-01-13","id":"node/6772394185","_lat":"1.289389960286968","_lon":"103.85695695877075","timestamp":"2024-10-06T09:12:55Z","version":3,"changeset":157530028,"user":"leheng","uid":15587724}},{"type":"Feature","geometry":{"type":"Point","coordinates":[103.85554075241089,1.2890681766832017]},"properties":{"fee":"no","amenity":"toilets","id":"node/1777674288","_lat":"1.2890681766832017","_lon":"103.85554075241089","timestamp":"2025-08-03T10:45:08Z","version":3,"changeset":169897988,"user":"Medformatik","uid":22075614}},{"type":"Feature","geometry":{"type":"Point","coordinates":[103.86245012283325,1.2892826990902364]},"properties":{"fee":"no","source":"estimation; extrapolation; survey","amenity":"toilets","id":"node/3483489163","_lat":"1.2892826990902364","_lon":"103.86245012283325","timestamp":"2015-04-28T07:01:42Z","version":1,"changeset":30571400,"user":"bigbug21","uid":15748}},{"type":"Feature","geometry":{"type":"Point","coordinates":[103.85356664657593,1.2869229516193315]},"properties":{"amenity":"toilets","id":"node/4781359823","_lat":"1.2869229516193315","_lon":"103.85356664657593","timestamp":"2017-04-07T15:17:40Z","version":1,"changeset":47543178,"user":"Nico Stiglitz","uid":4887631}},{"type":"Feature","geometry":{"type":"Point","coordinates":[103.85406017303467,1.2863222882779581]},"properties":{"amenity":"toilets","opening_hours":"24/7","id":"node/7148704985","_lat":"1.2863222882779581","_lon":"103.85406017303467","timestamp":"2020-01-21T12:37:31Z","version":1,"changeset":79855741,"user":"Dark Victor","uid":5695838}},{"type":"Feature","geometry":{"type":"Point","coordinates":[103.8543176651001,1.286601167704049]},"properties":{"male":"yes","access":"yes","female":"yes","amenity":"toilets","id":"node/12400548919","_lat":"1.286601167704049","_lon":"103.8543176651001","timestamp":"2024-12-06T16:12:41Z","version":1,"changeset":160000909,"user":"ravidwivedi","uid":13859515}},{"type":"Feature","geometry":{"type":"Point","coordinates":[103.8541030883789,1.2864939063899357]},"properties":{"amenity":"toilets","opening_hours":"24/7","id":"node/1764794847","_lat":"1.2864939063899357","_lon":"103.8541030883789","timestamp":"2018-05-28T13:28:47Z","version":2,"changeset":59340809,"user":"fxguenther","uid":3413821}},{"type":"Feature","geometry":{"type":"Point","coordinates":[103.85957479476929,1.2853783884558965]},"properties":{"amenity":"toilets","wheelchair":"yes","id":"node/1832238162","_lat":"1.2853783884558965","_lon":"103.85957479476929","timestamp":"2017-09-28T17:32:40Z","version":3,"changeset":52452799,"user":"Evandering","uid":6172527}},{"type":"Feature","geometry":{"type":"Point","coordinates":[103.85382413864136,1.2851638657204063]},"properties":{"fee":"no","level":"1","amenity":"toilets","wheelchair":"yes","id":"node/7765645706","_lat":"1.2851638657204063","_lon":"103.85382413864136","timestamp":"2020-07-29T14:35:25Z","version":1,"changeset":88684715,"user":"MapTheWalk","uid":10499594}},{"type":"Feature","geometry":{"type":"Point","coordinates":[103.82961988449097,1.2860863133551845]},"properties":{"amenity":"toilets","portable":"yes","wheelchair":"no","toilets:handwashing":"yes","id":"node/9069689465","_lat":"1.2860863133551845","_lon":"103.82961988449097","timestamp":"2021-09-07T08:19:36Z","version":1,"changeset":110842133,"user":"a cat is black","uid":14022040}},{"type":"Feature","geometry":{"type":"Point","coordinates":[103.8462495803833,1.28831734811628]},"properties":{"access":"private","female":"yes","amenity":"toilets","toilets:disposal":"flush","toilets:handwashing":"yes","id":"node/7813586605","_lat":"1.28831734811628","_lon":"103.8462495803833","timestamp":"2020-08-14T17:34:44Z","version":1,"changeset":89423681,"user":"Doge05","uid":4026892}},{"type":"Feature","geometry":{"type":"Point","coordinates":[103.84627103805542,1.28831734811628]},"properties":{"access":"private","unisex":"yes","amenity":"toilets","wheelchair":"yes","toilets:disposal":"flush","toilets:handwashing":"yes","id":"node/7813586607","_lat":"1.28831734811628","_lon":"103.84627103805542","timestamp":"2020-08-14T17:34:44Z","version":1,"changeset":89423681,"user":"Doge05","uid":4026892}},{"type":"Feature","geometry":{"type":"Point","coordinates":[103.84629249572754,1.2883388003641159]},"properties":{"male":"yes","access":"private","amenity":"toilets","toilets:disposal":"flush","toilets:handwashing":"yes","id":"node/7813586606","_lat":"1.2883388003641159","_lon":"103.84629249572754","timestamp":"2020-08-14T17:34:44Z","version":1,"changeset":89423681,"user":"Doge05","uid":4026892}},{"type":"Feature","geometry":{"type":"Point","coordinates":[103.84639978408813,1.2887034885497854]},"properties":{"fee":"no","level":"1","access":"yes","amenity":"toilets","wheelchair":"designated","toilets:position":"seated;urinal","id":"node/9897471470","_lat":"1.2887034885497854","_lon":"103.84639978408813","timestamp":"2025-05-30T05:42:57Z","version":4,"changeset":166952864,"user":"Fizzie-DWG","uid":461130}},{"type":"Feature","geometry":{"type":"Point","coordinates":[103.84358882904053,1.2815169764623562]},"properties":{"amenity":"toilets","id":"node/5721635585","_lat":"1.2815169764623562","_lon":"103.84358882904053","timestamp":"2020-11-11T09:37:15Z","version":2,"changeset":93914778,"user":"JaLooooNz","uid":741163}},{"type":"Feature","geometry":{"type":"Point","coordinates":[103.8388466835022,1.2814097149349095]},"properties":{"fixme":"position estimated","amenity":"toilets","id":"node/11161048427","_lat":"1.2814097149349095","_lon":"103.8388466835022","timestamp":"2024-09-30T00:57:27Z","version":2,"changeset":157275061,"user":"leheng","uid":15587724}},{"type":"Feature","geometry":{"type":"Point","coordinates":[103.86131286621094,1.2814526195464282]},"properties":{"fee":"no","amenity":"toilets","wheelchair":"yes","id":"node/8037018320","_lat":"1.2814526195464282","_lon":"103.86131286621094","timestamp":"2022-10-29T05:07:54Z","version":5,"changeset":128197511,"user":"Pagrandukas","uid":17521614}},{"type":"Feature","geometry":{"type":"Point","coordinates":[103.86461734771729,1.2816885948969343]},"properties":{"fee":"no","amenity":"toilets","wheelchair":"yes","id":"node/1829398299","_lat":"1.2816885948969343","_lon":"103.86461734771729","timestamp":"2022-10-29T06:11:00Z","version":6,"changeset":128198269,"user":"MapsInQuestion","uid":12457656}},{"type":"Feature","geometry":{"type":"Point","coordinates":[103.86142015457153,1.2816671425932356]},"properties":{"fee":"no","amenity":"toilets","wheelchair":"yes","id":"node/8037018319","_lat":"1.2816671425932356","_lon":"103.86142015457153","timestamp":"2022-10-29T05:03:20Z","version":3,"changeset":128197437,"user":"MapsInQuestion","uid":12457656}},{"type":"Feature","geometry":{"type":"Point","coordinates":[103.84401798248291,1.281645690289352]},"properties":{"amenity":"toilets","description":"Inside temple","opening_hours":"07:00-17:00","id":"node/11395311865","_lat":"1.281645690289352","_lon":"103.84401798248291","timestamp":"2023-12-07T09:55:06Z","version":2,"changeset":144860097,"user":"rene78","uid":257555}},{"type":"Feature","geometry":{"type":"Point","coordinates":[103.84461879730225,1.2819245702256978]},"properties":{"amenity":"toilets","id":"node/6124884787","_lat":"1.2819245702256978","_lon":"103.84461879730225","timestamp":"2018-12-08T13:23:08Z","version":1,"changeset":65292519,"user":"Wright One","uid":261189}},{"type":"Feature","geometry":{"type":"Point","coordinates":[103.86470317840576,1.2817958564127139]},"properties":{"fee":"no","access":"yes","amenity":"toilets","wheelchair":"yes","id":"node/6530687086","_lat":"1.2817958564127139","_lon":"103.86470317840576","timestamp":"2023-04-13T04:06:38Z","version":4,"changeset":134843195,"user":"qpeso","uid":64557}},{"type":"Feature","geometry":{"type":"Point","coordinates":[103.84294509887695,1.2825681391935717]},"properties":{"amenity":"toilets","id":"node/5721635581","_lat":"1.2825681391935717","_lon":"103.84294509887695","timestamp":"2018-06-27T04:00:30Z","version":1,"changeset":60199198,"user":"pyramid","uid":468895}},{"type":"Feature","geometry":{"type":"Point","coordinates":[103.84891033172607,1.2822463547298497]},"properties":{"amenity":"toilets","operator":"MRT","id":"node/4247879694","_lat":"1.2822463547298497","_lon":"103.84891033172607","timestamp":"2016-06-17T06:14:58Z","version":1,"changeset":40083871,"user":"Stijn Breton","uid":3865529}},{"type":"Feature","geometry":{"type":"Point","coordinates":[103.8683295249939,1.2823107116258399]},"properties":{"fee":"no","access":"yes","amenity":"toilets","check_date":"2026-04-12","wheelchair":"yes","opening_hours":"Mo-Su,PH 09:00-22:30","id":"node/4377534209","_lat":"1.2823107116258399","_lon":"103.8683295249939","timestamp":"2026-04-22T21:52:43Z","version":3,"changeset":181692608,"user":"MapTheWalk","uid":10499594}},{"type":"Feature","geometry":{"type":"Point","coordinates":[103.86013269424438,1.2823750685201958]},"properties":{"amenity":"toilets","wheelchair":"yes","id":"node/1832238038","_lat":"1.2823750685201958","_lon":"103.86013269424438","timestamp":"2019-11-15T08:08:34Z","version":4,"changeset":77105294,"user":"wheelmap_visitor","uid":290680}},{"type":"Feature","geometry":{"type":"Point","coordinates":[103.86352300643921,1.2826968529677458]},"properties":{"fee":"no","male":"yes","female":"yes","amenity":"toilets","check_date":"2024-10-12","supervised":"no","wheelchair":"yes","changing_table":"yes","toilets:disposal":"flush","id":"node/1829398216","_lat":"1.2826968529677458","_lon":"103.86352300643921","timestamp":"2024-10-12T15:20:28Z","version":4,"changeset":157800953,"user":"Ropino","uid":42123}},{"type":"Feature","geometry":{"type":"Point","coordinates":[103.86335134506226,1.2826539483770603]},"properties":{"fee":"no","male":"yes","access":"yes","female":"yes","amenity":"toilets","wheelchair":"yes","changing_table":"yes","id":"node/11875497178","_lat":"1.2826539483770603","_lon":"103.86335134506226","timestamp":"2024-10-12T15:20:27Z","version":3,"changeset":157800954,"user":"Ropino","uid":42123}},{"type":"Feature","geometry":{"type":"Point","coordinates":[103.8654112815857,1.2826110437856784]},"properties":{"fee":"no","amenity":"toilets","wheelchair":"yes","id":"node/1829398258","_lat":"1.2826110437856784","_lon":"103.8654112815857","timestamp":"2023-04-20T05:54:00Z","version":4,"changeset":135131552,"user":"Itschotsch","uid":8999909}},{"type":"Feature","geometry":{"type":"Point","coordinates":[103.85888814926147,1.2825895914897245]},"properties":{"amenity":"toilets","wheelchair":"yes","id":"node/1832238051","_lat":"1.2825895914897245","_lon":"103.85888814926147","timestamp":"2019-11-15T07:32:26Z","version":4,"changeset":77105294,"user":"wheelmap_visitor","uid":290680}},{"type":"Feature","geometry":{"type":"Point","coordinates":[103.85811567306519,1.2824823300071984]},"properties":{"amenity":"toilets","wheelchair":"yes","id":"node/1832238048","_lat":"1.2824823300071984","_lon":"103.85811567306519","timestamp":"2019-11-15T07:33:40Z","version":3,"changeset":77105294,"user":"wheelmap_visitor","uid":290680}},{"type":"Feature","geometry":{"type":"Point","coordinates":[103.84678602218628,1.2830615419593556]},"properties":{"amenity":"toilets","id":"node/12599683701","_lat":"1.2830615419593556","_lon":"103.84678602218628","timestamp":"2025-02-19T00:48:37Z","version":1,"changeset":162682012,"user":"diodaix","uid":17508850}},{"type":"Feature","geometry":{"type":"Point","coordinates":[103.8467001914978,1.2831044465431773]},"properties":{"amenity":"toilets","id":"node/12599683702","_lat":"1.2831044465431773","_lon":"103.8467001914978","timestamp":"2025-02-19T00:48:37Z","version":1,"changeset":162682012,"user":"diodaix","uid":17508850}},{"type":"Feature","geometry":{"type":"Point","coordinates":[103.8414216041565,1.2849493429668684]},"properties":{"amenity":"toilets","id":"node/13608799623","_lat":"1.2849493429668684","_lon":"103.8414216041565","timestamp":"2026-03-01T07:10:03Z","version":1,"changeset":179196729,"user":"MapTheWalk","uid":10499594}},{"type":"Feature","geometry":{"type":"Point","coordinates":[103.86245012283325,1.2849493429668684]},"properties":{"fee":"no","access":"yes","amenity":"toilets","id":"node/10115586085","_lat":"1.2849493429668684","_lon":"103.86245012283325","timestamp":"2023-07-16T06:44:30Z","version":2,"changeset":138566529,"user":"Nickokoschka","uid":6794564}},{"type":"Feature","geometry":{"type":"Point","coordinates":[103.8601541519165,1.2844773928457016]},"properties":{"amenity":"toilets","id":"node/1832238142","_lat":"1.2844773928457016","_lon":"103.8601541519165","timestamp":"2017-09-28T17:32:40Z","version":2,"changeset":52452799,"user":"Evandering","uid":6172527}},{"type":"Feature","geometry":{"type":"Point","coordinates":[103.86410236358643,1.2846490110816688]},"properties":{"fee":"no","level":"2","amenity":"toilets","check_date":"2023-12-24","id":"node/4401044186","_lat":"1.2846490110816688","_lon":"103.86410236358643","timestamp":"2023-12-24T10:34:26Z","version":4,"changeset":145463691,"user":"Raghav Sood","uid":20749885}},{"type":"Feature","geometry":{"type":"Point","coordinates":[103.8654112815857,1.2843272268797818]},"properties":{"fee":"no","male":"yes","female":"yes","amenity":"toilets","wheelchair":"yes","id":"node/11875810295","_lat":"1.2843272268797818","_lon":"103.8654112815857","timestamp":"2024-05-03T06:02:32Z","version":1,"changeset":150820631,"user":"BeeBen","uid":8621667}},{"type":"Feature","geometry":{"type":"Point","coordinates":[103.86526107788086,1.2843272268797818]},"properties":{"fee":"no","level":"1","amenity":"toilets","wheelchair":"yes","id":"node/4401044111","_lat":"1.2843272268797818","_lon":"103.86526107788086","timestamp":"2026-01-04T10:38:40Z","version":4,"changeset":176813110,"user":"florianloch","uid":23652879}},{"type":"Feature","geometry":{"type":"Point","coordinates":[103.86517524719238,1.2841341563392064]},"properties":{"fee":"no","amenity":"toilets","wheelchair":"yes","id":"node/1829398121","_lat":"1.2841341563392064","_lon":"103.86517524719238","timestamp":"2026-01-04T10:38:50Z","version":4,"changeset":176813110,"user":"florianloch","uid":23652879}},{"type":"Feature","geometry":{"type":"Point","coordinates":[103.86491775512695,1.2840483472053705]},"properties":{"male":"yes","access":"yes","female":"yes","amenity":"toilets","id":"node/11875497176","_lat":"1.2840483472053705","_lon":"103.86491775512695","timestamp":"2024-05-03T03:16:47Z","version":1,"changeset":150817716,"user":"BeeBen","uid":8621667}},{"type":"Feature","geometry":{"type":"Point","coordinates":[103.86107683181763,1.2839839903531072]},"properties":{"amenity":"toilets","id":"node/1832238112","_lat":"1.2839839903531072","_lon":"103.86107683181763","timestamp":"2012-07-20T17:06:07Z","version":1,"changeset":12384684,"user":"JaLooooNz","uid":741163}},{"type":"Feature","geometry":{"type":"Point","coordinates":[103.85897397994995,1.2841127040559996]},"properties":{"amenity":"toilets","wheelchair":"yes","id":"node/3273154946","_lat":"1.2841127040559996","_lon":"103.85897397994995","timestamp":"2019-11-15T07:23:01Z","version":3,"changeset":77105294,"user":"wheelmap_visitor","uid":290680}},{"type":"Feature","geometry":{"type":"Point","coordinates":[103.84352445602417,1.2841556086222141]},"properties":{"fee":"no","name":"Toilets @ MRT Station","amenity":"toilets","check_date":"2023-08-02","wheelchair":"yes","id":"node/1867211717","_lat":"1.2841556086222141","_lon":"103.84352445602417","timestamp":"2023-08-02T11:28:37Z","version":4,"changeset":139342850,"user":"agraul","uid":8274339}},{"type":"Feature","geometry":{"type":"Point","coordinates":[103.85878086090088,1.283254612580933]},"properties":{"amenity":"toilets","wheelchair":"yes","id":"node/1832238074","_lat":"1.283254612580933","_lon":"103.85878086090088","timestamp":"2019-11-15T07:25:53Z","version":3,"changeset":77105294,"user":"wheelmap_visitor","uid":290680}},{"type":"Feature","geometry":{"type":"Point","coordinates":[103.86088371276855,1.2835549446299552]},"properties":{"amenity":"toilets","wheelchair":"no","id":"node/1832238085","_lat":"1.2835549446299552","_lon":"103.86088371276855","timestamp":"2019-11-15T07:00:07Z","version":4,"changeset":77105294,"user":"wheelmap_visitor","uid":290680}},{"type":"Feature","geometry":{"type":"Point","coordinates":[103.86682748794556,1.2834047786098495]},"properties":{"fee":"no","male":"yes","access":"yes","female":"yes","amenity":"toilets","wheelchair":"yes","opening_hours":"Th-Su 09:00-19:00","changing_table":"yes","id":"node/11875497171","_lat":"1.2834047786098495","_lon":"103.86682748794556","timestamp":"2024-05-03T05:31:36Z","version":2,"changeset":150819847,"user":"BeeBen","uid":8621667}},{"type":"Feature","geometry":{"type":"Point","coordinates":[103.86058330535889,1.2807446933644968]},"properties":{"fee":"no","amenity":"toilets","wheelchair":"yes","id":"node/8037018321","_lat":"1.2807446933644968","_lon":"103.86058330535889","timestamp":"2023-12-24T12:16:41Z","version":3,"changeset":145466879,"user":"Raghav Sood","uid":20749885}},{"type":"Feature","geometry":{"type":"Point","coordinates":[103.84451150894165,1.2805301702404392]},"properties":{"fee":"no","amenity":"toilets","check_date":"2025-08-10","id":"node/4310990890","_lat":"1.2805301702404392","_lon":"103.84451150894165","timestamp":"2025-09-09T16:20:38Z","version":6,"changeset":171695056,"user":"ij96","uid":20314039}},{"type":"Feature","geometry":{"type":"Point","coordinates":[103.85021924972534,1.2805730748666946]},"properties":{"fee":"no","access":"yes","amenity":"toilets","id":"node/10771041154","_lat":"1.2805730748666946","_lon":"103.85021924972534","timestamp":"2023-03-29T14:00:06Z","version":1,"changeset":134264796,"user":"nihombashi19","uid":1842888}},{"type":"Feature","geometry":{"type":"Point","coordinates":[103.87107610702515,1.2802083855207087]},"properties":{"level":"0","amenity":"toilets","wheelchair":"yes","id":"node/1833748760","_lat":"1.2802083855207087","_lon":"103.87107610702515","timestamp":"2024-09-29T06:52:44Z","version":3,"changeset":157238228,"user":"rene78","uid":257555}},{"type":"Feature","geometry":{"type":"Point","coordinates":[103.86195659637451,1.2785351043273039]},"properties":{"fee":"no","access":"yes","amenity":"toilets","id":"node/1829398225","_lat":"1.2785351043273039","_lon":"103.86195659637451","timestamp":"2023-04-13T03:32:16Z","version":3,"changeset":134842743,"user":"qpeso","uid":64557}},{"type":"Feature","geometry":{"type":"Point","coordinates":[103.84757995605469,1.2743948013047515]},"properties":{"amenity":"toilets","id":"node/13032504379","_lat":"1.2743948013047515","_lon":"103.84757995605469","timestamp":"2025-07-28T23:48:01Z","version":1,"changeset":169641916,"user":"buy_osmand","uid":23023310}},{"type":"Feature","geometry":{"type":"Point","coordinates":[103.84755849838257,1.2743733489401592]},"properties":{"amenity":"toilets","id":"node/13032508387","_lat":"1.2743733489401592","_lon":"103.84755849838257","timestamp":"2025-07-28T23:47:57Z","version":1,"changeset":169641916,"user":"buy_osmand","uid":23023310}},{"type":"Feature","geometry":{"type":"Point","coordinates":[103.84762287139893,1.2743518965753537]},"properties":{"amenity":"toilets","id":"node/13032518726","_lat":"1.2743518965753537","_lon":"103.84762287139893","timestamp":"2025-07-28T23:48:48Z","version":1,"changeset":169641916,"user":"buy_osmand","uid":23023310}},{"type":"Feature","geometry":{"type":"Point","coordinates":[103.83294582366943,1.2760037281416459]},"properties":{"amenity":"toilets","wheelchair":"yes","id":"node/13032605752","_lat":"1.2760037281416459","_lon":"103.83294582366943","timestamp":"2025-07-29T02:40:40Z","version":1,"changeset":169645308,"user":"buy_osmand","uid":23023310}},{"type":"Feature","geometry":{"type":"Point","coordinates":[103.83288145065308,1.2759822757904402]},"properties":{"amenity":"toilets","id":"node/13032567637","_lat":"1.2759822757904402","_lon":"103.83288145065308","timestamp":"2025-07-29T02:40:36Z","version":1,"changeset":169645308,"user":"buy_osmand","uid":23023310}},{"type":"Feature","geometry":{"type":"Point","coordinates":[103.86287927627563,1.2708980635150908]},"properties":{"amenity":"toilets","id":"node/11649131956","_lat":"1.2708980635150908","_lon":"103.86287927627563","timestamp":"2024-02-21T12:48:38Z","version":1,"changeset":147731599,"user":"leheng","uid":15587724}},{"type":"Feature","geometry":{"type":"Point","coordinates":[103.84223699569702,1.272120849661519]},"properties":{"amenity":"toilets","id":"node/11030285961","_lat":"1.272120849661519","_lon":"103.84223699569702","timestamp":"2023-07-06T15:34:47Z","version":1,"changeset":138193627,"user":"Doge05","uid":4026892}},{"type":"Feature","geometry":{"type":"Point","coordinates":[103.83601427078247,1.2717776115034383]},"properties":{"fee":"no","male":"yes","access":"yes","female":"no","amenity":"toilets","id":"node/12442663796","_lat":"1.2717776115034383","_lon":"103.83601427078247","timestamp":"2024-12-23T01:51:41Z","version":1,"changeset":160520790,"user":"MapTheWalk","uid":10499594}},{"type":"Feature","geometry":{"type":"Point","coordinates":[103.83730173110962,1.271820516275696]},"properties":{"fee":"no","male":"no","access":"yes","female":"yes","amenity":"toilets","wheelchair":"yes","id":"node/12442663784","_lat":"1.271820516275696","_lon":"103.83730173110962","timestamp":"2024-12-23T01:51:41Z","version":1,"changeset":160520790,"user":"MapTheWalk","uid":10499594}},{"type":"Feature","geometry":{"type":"Point","coordinates":[103.81511449813843,1.3101127382590647]},"properties":{"fee":"no","level":"0","access":"yes","amenity":"toilets","wheelchair":"designated","id":"node/5031653491","_lat":"1.3101127382590647","_lon":"103.81511449813843","timestamp":"2024-10-03T07:38:49Z","version":3,"changeset":157406124,"user":"leheng","uid":15587724}},{"type":"Feature","geometry":{"type":"Point","coordinates":[103.81466388702393,1.3118932588431562]},"properties":{"fee":"no","access":"yes","amenity":"toilets","wheelchair":"designated","id":"node/4337885989","_lat":"1.3118932588431562","_lon":"103.81466388702393","timestamp":"2024-10-03T07:38:49Z","version":7,"changeset":157406124,"user":"leheng","uid":15587724}},{"type":"Feature","geometry":{"type":"Point","coordinates":[103.81344079971313,1.3124295599756834]},"properties":{"fee":"no","access":"customers","amenity":"toilets","wheelchair":"designated","changing_table":"yes","toilets:disposal":"flush","toilets:position":"seated;urinal","id":"node/4684914890","_lat":"1.3124295599756834","_lon":"103.81344079971313","timestamp":"2024-10-03T07:38:49Z","version":5,"changeset":157406124,"user":"leheng","uid":15587724}},{"type":"Feature","geometry":{"type":"Point","coordinates":[103.81204605102539,1.3121935874915351]},"properties":{"fee":"no","amenity":"toilets","id":"node/6946807182","_lat":"1.3121935874915351","_lon":"103.81204605102539","timestamp":"2022-08-28T11:04:56Z","version":3,"changeset":125472712,"user":"MapTheWalk","uid":10499594}},{"type":"Feature","geometry":{"type":"Point","coordinates":[103.81562948226929,1.3057579657185698]},"properties":{"fee":"no","access":"permissive","amenity":"toilets","id":"node/9283033543","_lat":"1.3057579657185698","_lon":"103.81562948226929","timestamp":"2023-03-29T14:00:06Z","version":2,"changeset":134264796,"user":"nihombashi19","uid":1842888}},{"type":"Feature","geometry":{"type":"Point","coordinates":[103.81831169128418,1.30809624353941]},"properties":{"fee":"no","access":"yes","amenity":"toilets","wheelchair":"yes","id":"node/4896560523","_lat":"1.30809624353941","_lon":"103.81831169128418","timestamp":"2024-10-03T07:38:49Z","version":5,"changeset":157406124,"user":"leheng","uid":15587724}},{"type":"Feature","geometry":{"type":"Point","coordinates":[103.8221526145935,1.2995583011612837]},"properties":{"fee":"no","male":"yes","access":"yes","amenity":"toilets","toilets:disposal":"flush","id":"node/5315924681","_lat":"1.2995583011612837","_lon":"103.8221526145935","timestamp":"2018-01-02T06:31:17Z","version":1,"changeset":55092544,"user":"joakimsk","uid":2347844}},{"type":"Feature","geometry":{"type":"Point","coordinates":[103.82217407226562,1.2995583011612837]},"properties":{"fee":"no","access":"yes","female":"yes","amenity":"toilets","toilets:disposal":"flush","id":"node/5315924682","_lat":"1.2995583011612837","_lon":"103.82217407226562","timestamp":"2018-01-02T06:31:17Z","version":1,"changeset":55092544,"user":"joakimsk","uid":2347844}},{"type":"Feature","geometry":{"type":"Point","coordinates":[103.8222599029541,1.2998586312835414]},"properties":{"fee":"no","male":"yes","amenity":"toilets","toilets:disposal":"flush","id":"node/5309704599","_lat":"1.2998586312835414","_lon":"103.8222599029541","timestamp":"2017-12-29T05:35:05Z","version":1,"changeset":55000639,"user":"joakimsk","uid":2347844}},{"type":"Feature","geometry":{"type":"Point","coordinates":[103.80638122558594,1.2941523528614312]},"properties":{"fee":"no","access":"yes","amenity":"toilets","wheelchair":"yes","id":"node/13016448030","_lat":"1.2941523528614312","_lon":"103.80638122558594","timestamp":"2026-04-30T12:39:09Z","version":2,"changeset":182031958,"user":"adisutanto","uid":13338885}},{"type":"Feature","geometry":{"type":"Point","coordinates":[103.82614374160767,1.2921358453835552]},"properties":{"amenity":"toilets","id":"node/5808262355","_lat":"1.2921358453835552","_lon":"103.82614374160767","timestamp":"2018-08-04T02:40:35Z","version":1,"changeset":61345134,"user":"Tjen Fon Sin","uid":4943860}},{"type":"Feature","geometry":{"type":"Point","coordinates":[103.81726026535034,1.2894328647643931]},"properties":{"level":"0","access":"yes","unisex":"yes","amenity":"toilets","toilets:disposal":"flush","toilets:wheelchair":"yes","id":"node/5070719372","_lat":"1.2894328647643931","_lon":"103.81726026535034","timestamp":"2020-12-21T05:15:23Z","version":3,"changeset":96166597,"user":"btcprox","uid":5741766}},{"type":"Feature","geometry":{"type":"Point","coordinates":[103.81479263305664,1.2869658561382948]},"properties":{"fee":"no","female":"yes","amenity":"toilets","changing_table":"no","id":"node/5479253541","_lat":"1.2869658561382948","_lon":"103.81479263305664","timestamp":"2019-08-01T19:42:52Z","version":2,"changeset":72912914,"user":"thetornado76","uid":1624486}},{"type":"Feature","geometry":{"type":"Point","coordinates":[103.81479263305664,1.2869444038789055]},"properties":{"fee":"no","male":"yes","amenity":"toilets","changing_table":"no","id":"node/5479253539","_lat":"1.2869444038789055","_lon":"103.81479263305664","timestamp":"2019-08-01T19:42:52Z","version":2,"changeset":72912914,"user":"thetornado76","uid":1624486}},{"type":"Feature","geometry":{"type":"Point","coordinates":[103.81479263305664,1.2869444038789055]},"properties":{"fee":"no","male":"yes","unisex":"yes","amenity":"toilets","wheelchair":"yes","changing_table":"no","toilets:disposal":"flush","toilets:wheelchair":"yes","id":"node/5479253538","_lat":"1.2869444038789055","_lon":"103.81479263305664","timestamp":"2019-08-01T19:42:52Z","version":3,"changeset":72912914,"user":"thetornado76","uid":1624486}},{"type":"Feature","geometry":{"type":"Point","coordinates":[103.8147497177124,1.2868800470996433]},"properties":{"male":"yes","amenity":"toilets","id":"node/5209644837","_lat":"1.2868800470996433","_lon":"103.8147497177124","timestamp":"2017-11-04T06:31:10Z","version":1,"changeset":53496160,"user":"linnguye09","uid":6910856}},{"type":"Feature","geometry":{"type":"Point","coordinates":[103.81513595581055,1.286601167704049]},"properties":{"unisex":"yes","amenity":"toilets","id":"node/5209464921","_lat":"1.286601167704049","_lon":"103.81513595581055","timestamp":"2017-11-04T03:24:10Z","version":1,"changeset":53494386,"user":"Danny Loke","uid":6909986}},{"type":"Feature","geometry":{"type":"Point","coordinates":[103.81449222564697,1.2864295495993048]},"properties":{"unisex":"yes","amenity":"toilets","handrail":"yes","tactile_paving":"yes","toilets:wheelchair":"yes","tactile_writing:braille:en":"yes","id":"node/5209468122","_lat":"1.2864295495993048","_lon":"103.81449222564697","timestamp":"2018-03-17T16:45:13Z","version":7,"changeset":57270998,"user":"mueschel","uid":616774}},{"type":"Feature","geometry":{"type":"Point","coordinates":[103.81442785263062,1.2864295495993048]},"properties":{"access":"yes","unisex":"yes","amenity":"toilets","changing_table":"no","tactile_paving":"yes","id":"node/5209451559","_lat":"1.2864295495993048","_lon":"103.81442785263062","timestamp":"2020-12-26T18:49:48Z","version":5,"changeset":96462589,"user":"opendcc","uid":3249777}},{"type":"Feature","geometry":{"type":"Point","coordinates":[103.81459951400757,1.2863008360131687]},"properties":{"access":"yes","unisex":"yes","amenity":"toilets","changing_table":"no","tactile_paving":"yes","toilets:disposal":"flush","capacity:disabled":"yes","toilets:wheelchair":"yes","id":"node/5720640375","_lat":"1.2863008360131687","_lon":"103.81459951400757","timestamp":"2019-08-01T19:42:52Z","version":2,"changeset":72912914,"user":"thetornado76","uid":1624486}},{"type":"Feature","geometry":{"type":"Point","coordinates":[103.80475044250488,1.2864510018630284]},"properties":{"fee":"yes","access":"yes","charge":"0.10 SGD","amenity":"toilets","check_date":"2025-07-12","wheelchair":"yes","toilets:disposal":"flush","id":"node/13001005367","_lat":"1.2864510018630284","_lon":"103.80475044250488","timestamp":"2025-07-15T06:12:37Z","version":1,"changeset":168946411,"user":"MapTheWalk","uid":10499594}},{"type":"Feature","geometry":{"type":"Point","coordinates":[103.81468534469604,1.2873090922640813]},"properties":{"amenity":"toilets","id":"node/4807127348","_lat":"1.2873090922640813","_lon":"103.81468534469604","timestamp":"2018-06-26T14:49:30Z","version":4,"changeset":60185745,"user":"JaLooooNz","uid":741163}},{"type":"Feature","geometry":{"type":"Point","coordinates":[103.81489992141724,1.2873734490325148]},"properties":{"fee":"no","male":"yes","access":"yes","female":"yes","amenity":"toilets","changing_table":"yes","toilets:disposal":"flush","id":"node/5209579126","_lat":"1.2873734490325148","_lon":"103.81489992141724","timestamp":"2019-08-01T19:42:52Z","version":5,"changeset":72912914,"user":"thetornado76","uid":1624486}},{"type":"Feature","geometry":{"type":"Point","coordinates":[103.81500720977783,1.2874807103096373]},"properties":{"fee":"no","male":"yes","name":"WC","note":"Baby Changing Station","access":"yes","female":"yes","unisex":"no","amenity":"toilets","wheelchair":"yes","toilets:disposal":"flush","id":"node/5209638901","_lat":"1.2874807103096373","_lon":"103.81500720977783","timestamp":"2022-08-22T15:33:15Z","version":3,"changeset":125232927,"user":"duckman56","uid":14864469}},{"type":"Feature","geometry":{"type":"Point","coordinates":[103.82455587387085,1.2879312076242826]},"properties":{"fee":"no","access":"yes","amenity":"toilets","wheelchair":"yes","id":"node/4744580414","_lat":"1.2879312076242826","_lon":"103.82455587387085","timestamp":"2024-05-03T02:46:21Z","version":3,"changeset":150817259,"user":"wheelmap_visitor","uid":290680}},{"type":"Feature","geometry":{"type":"Point","coordinates":[103.81545782089233,1.2883388003641159]},"properties":{"fee":"no","male":"yes","access":"yes","female":"yes","amenity":"toilets","description":"Toilet In Coffeeshop","toilets:disposal":"flush","id":"node/5479281561","_lat":"1.2883388003641159","_lon":"103.81545782089233","timestamp":"2026-04-09T12:38:21Z","version":4,"changeset":181095543,"user":"kenken234","uid":17241816}},{"type":"Feature","geometry":{"type":"Point","coordinates":[103.80500793457031,1.2812810010960618]},"properties":{"type":"portable","access":"no","amenity":"toilets","id":"node/9878290064","_lat":"1.2812810010960618","_lon":"103.80500793457031","timestamp":"2022-07-10T04:24:06Z","version":1,"changeset":123419015,"user":"Doge05","uid":4026892}},{"type":"Feature","geometry":{"type":"Point","coordinates":[103.8101577758789,1.2813024534029864]},"properties":{"level":"2","access":"yes","amenity":"toilets","check_date":"2024-04-27","wheelchair":"yes","id":"node/11898780465","_lat":"1.2813024534029864","_lon":"103.8101577758789","timestamp":"2025-09-26T03:45:58Z","version":2,"changeset":172465318,"user":"wheelmap_visitor","uid":290680}},{"type":"Feature","geometry":{"type":"Point","coordinates":[103.82144451141357,1.2825466868972626]},"properties":{"amenity":"toilets","id":"node/6804886170","_lat":"1.2825466868972626","_lon":"103.82144451141357","timestamp":"2019-09-18T07:52:00Z","version":1,"changeset":74610738,"user":"Lmensgla","uid":360397}},{"type":"Feature","geometry":{"type":"Point","coordinates":[103.81925582885742,1.2847133679171776]},"properties":{"amenity":"toilets","id":"node/11909321810","_lat":"1.2847133679171776","_lon":"103.81925582885742","timestamp":"2024-05-16T07:54:45Z","version":1,"changeset":151394406,"user":"leheng","uid":15587724}},{"type":"Feature","geometry":{"type":"Point","coordinates":[103.82202386856079,1.2808734072303025]},"properties":{"access":"private","amenity":"toilets","check_date":"2023-07-17","toilets:disposal":"flush","id":"node/11051437109","_lat":"1.2808734072303025","_lon":"103.82202386856079","timestamp":"2023-07-17T16:32:44Z","version":1,"changeset":138630056,"user":"MapTheWalk","uid":10499594}},{"type":"Feature","geometry":{"type":"Point","coordinates":[103.80434274673462,1.2783634856816661]},"properties":{"fee":"no","access":"yes","amenity":"toilets","wheelchair":"no","changing_table":"yes","id":"node/8362854494","_lat":"1.2783634856816661","_lon":"103.80434274673462","timestamp":"2021-01-26T00:35:03Z","version":1,"changeset":98148923,"user":"MapTheWalk","uid":10499594}},{"type":"Feature","geometry":{"type":"Point","coordinates":[103.8133978843689,1.2780846053580461]},"properties":{"amenity":"toilets","id":"node/681253966","_lat":"1.2780846053580461","_lon":"103.8133978843689","timestamp":"2018-08-13T20:01:57Z","version":3,"changeset":61637330,"user":"rene78","uid":257555}},{"type":"Feature","geometry":{"type":"Point","coordinates":[103.80760431289673,1.2737512302885108]},"properties":{"amenity":"toilets","id":"node/10951217055","_lat":"1.2737512302885108","_lon":"103.80760431289673","timestamp":"2023-06-04T08:07:01Z","version":1,"changeset":136923991,"user":"leheng","uid":15587724}},{"type":"Feature","geometry":{"type":"Point","coordinates":[103.80449295043945,1.2746951343906403]},"properties":{"amenity":"toilets","id":"node/4905486062","_lat":"1.2746951343906403","_lon":"103.80449295043945","timestamp":"2017-06-09T09:02:42Z","version":1,"changeset":49390857,"user":"Lmensgla","uid":360397}},{"type":"Feature","geometry":{"type":"Point","coordinates":[103.80436420440674,1.2753601575275724]},"properties":{"amenity":"toilets","id":"node/5533557721","_lat":"1.2753601575275724","_lon":"103.80436420440674","timestamp":"2018-04-06T12:48:03Z","version":2,"changeset":57864443,"user":"Tjen Fon Sin","uid":4943860}},{"type":"Feature","geometry":{"type":"Point","coordinates":[103.80451440811157,1.2761967992944676]},"properties":{"fee":"no","access":"yes","amenity":"toilets","check_date":"2023-05-28","wheelchair":"yes","addr:street":"Malan Road","addr:housenumber":"38","toilets:disposal":"flush","id":"node/8362876737","_lat":"1.2761967992944676","_lon":"103.80451440811157","timestamp":"2023-05-30T14:57:35Z","version":2,"changeset":136750979,"user":"MapTheWalk","uid":10499594}},{"type":"Feature","geometry":{"type":"Point","coordinates":[103.80436420440674,1.2757248475619747]},"properties":{"access":"yes","amenity":"toilets","check_date":"2023-05-28","wheelchair":"no","changing_table":"no","toilets:disposal":"flush","id":"node/8413733855","_lat":"1.2757248475619747","_lon":"103.80436420440674","timestamp":"2023-05-30T14:57:35Z","version":2,"changeset":136750979,"user":"MapTheWalk","uid":10499594}},{"type":"Feature","geometry":{"type":"Point","coordinates":[103.81974935531616,1.2760466328435314]},"properties":{"amenity":"toilets","wheelchair":"yes","id":"node/10554393009","_lat":"1.2760466328435314","_lon":"103.81974935531616","timestamp":"2025-09-26T03:59:23Z","version":2,"changeset":172465531,"user":"wheelmap_visitor","uid":290680}},{"type":"Feature","geometry":{"type":"Point","coordinates":[103.81925582885742,1.2770334407891824]},"properties":{"amenity":"toilets","id":"node/10761017213","_lat":"1.2770334407891824","_lon":"103.81925582885742","timestamp":"2023-03-25T12:38:32Z","version":2,"changeset":134102513,"user":"leheng","uid":15587724}},{"type":"Feature","geometry":{"type":"Point","coordinates":[103.81839752197266,1.2771836071824936]},"properties":{"fee":"yes","amenity":"toilets","id":"node/10672002591","_lat":"1.2771836071824936","_lon":"103.81839752197266","timestamp":"2023-02-17T01:22:59Z","version":1,"changeset":132654234,"user":"leheng","uid":15587724}},{"type":"Feature","geometry":{"type":"Point","coordinates":[103.81880521774292,1.2728287782182832]},"properties":{"fee":"no","access":"yes","amenity":"toilets","check_date":"2023-05-28","wheelchair":"yes","changing_table":"yes","toilets:disposal":"flush","toilets:handwashing":"yes","id":"node/5232704123","_lat":"1.2728287782182832","_lon":"103.81880521774292","timestamp":"2023-05-30T14:57:35Z","version":5,"changeset":136750979,"user":"MapTheWalk","uid":10499594}},{"type":"Feature","geometry":{"type":"Point","coordinates":[103.82183074951172,1.272292468723407]},"properties":{"male":"yes","access":"yes","female":"yes","amenity":"toilets","toilets:disposal":"flush","id":"node/12927918526","_lat":"1.272292468723407","_lon":"103.82183074951172","timestamp":"2025-06-20T10:22:42Z","version":1,"changeset":167862853,"user":"philam48","uid":2506908}},{"type":"Feature","geometry":{"type":"Point","coordinates":[103.81899833679199,1.2715201828549425]},"properties":{"amenity":"toilets","id":"node/11395297635","_lat":"1.2715201828549425","_lon":"103.81899833679199","timestamp":"2023-12-05T03:06:33Z","version":1,"changeset":144776022,"user":"rene78","uid":257555}},{"type":"Feature","geometry":{"type":"Point","coordinates":[103.80539417266846,1.2643550751889734]},"properties":{"amenity":"toilets","id":"node/5645151344","_lat":"1.2643550751889734","_lon":"103.80539417266846","timestamp":"2018-05-27T04:42:10Z","version":1,"changeset":59305876,"user":"Lmensgla","uid":360397}},{"type":"Feature","geometry":{"type":"Point","coordinates":[103.80558729171753,1.2640547409020826]},"properties":{"amenity":"toilets","changing_table":"yes","id":"node/1948670444","_lat":"1.2640547409020826","_lon":"103.80558729171753","timestamp":"2022-06-01T00:44:54Z","version":3,"changeset":121788768,"user":"leheng","uid":15587724}},{"type":"Feature","geometry":{"type":"Point","coordinates":[103.81245374679565,1.2639045737456058]},"properties":{"amenity":"toilets","id":"node/6479787779","_lat":"1.2639045737456058","_lon":"103.81245374679565","timestamp":"2020-01-22T16:54:40Z","version":2,"changeset":79929681,"user":"rene78","uid":257555}},{"type":"Feature","geometry":{"type":"Point","coordinates":[103.80507230758667,1.265063005870573]},"properties":{"amenity":"toilets","id":"node/5645151343","_lat":"1.265063005870573","_lon":"103.80507230758667","timestamp":"2018-05-27T04:41:39Z","version":1,"changeset":59305871,"user":"Lmensgla","uid":360397}},{"type":"Feature","geometry":{"type":"Point","coordinates":[103.81779670715332,1.257812070371827]},"properties":{"male":"yes","female":"yes","amenity":"toilets","id":"node/6418227032","_lat":"1.257812070371827","_lon":"103.81779670715332","timestamp":"2019-04-20T17:22:28Z","version":1,"changeset":69407327,"user":"JaLooooNz","uid":741163}},{"type":"Feature","geometry":{"type":"Point","coordinates":[103.81758213043213,1.258026595380528]},"properties":{"female":"yes","amenity":"toilets","id":"node/6418227030","_lat":"1.258026595380528","_lon":"103.81758213043213","timestamp":"2019-04-20T17:22:28Z","version":1,"changeset":69407327,"user":"JaLooooNz","uid":741163}},{"type":"Feature","geometry":{"type":"Point","coordinates":[103.81914854049683,1.2584556453449949]},"properties":{"male":"yes","female":"yes","amenity":"toilets","check_date":"2025-09-04","id":"node/6418228796","_lat":"1.2584556453449949","_lon":"103.81914854049683","timestamp":"2025-09-04T03:33:50Z","version":2,"changeset":171432015,"user":"Nysh!","uid":17200911}},{"type":"Feature","geometry":{"type":"Point","coordinates":[103.81882667541504,1.2584341928484548]},"properties":{"amenity":"toilets","id":"node/5145848496","_lat":"1.2584341928484548","_lon":"103.81882667541504","timestamp":"2019-04-06T07:58:32Z","version":3,"changeset":68945793,"user":"Ragnix280","uid":9564462}},{"type":"Feature","geometry":{"type":"Point","coordinates":[103.8084626197815,1.2593995550183763]},"properties":{"fee":"no","amenity":"toilets","wheelchair":"no","id":"node/4520863029","_lat":"1.2593995550183763","_lon":"103.8084626197815","timestamp":"2025-08-31T11:51:20Z","version":3,"changeset":171265407,"user":"PurplePurplePurple","uid":19547380}},{"type":"Feature","geometry":{"type":"Point","coordinates":[103.82129430770874,1.2568467076144998]},"properties":{"amenity":"toilets","id":"node/9395991973","_lat":"1.2568467076144998","_lon":"103.82129430770874","timestamp":"2022-01-06T05:28:30Z","version":1,"changeset":115821267,"user":"Jonas Hansen","uid":30930}},{"type":"Feature","geometry":{"type":"Point","coordinates":[103.8213586807251,1.257125590225499]},"properties":{"amenity":"toilets","id":"node/5234419255","_lat":"1.257125590225499","_lon":"103.8213586807251","timestamp":"2017-11-17T08:23:31Z","version":1,"changeset":53867073,"user":"steerage250","uid":65357}},{"type":"Feature","geometry":{"type":"Point","coordinates":[103.82026433944702,1.2575760928418873]},"properties":{"amenity":"toilets","id":"node/5234419256","_lat":"1.2575760928418873","_lon":"103.82026433944702","timestamp":"2017-11-17T08:23:31Z","version":1,"changeset":53867073,"user":"steerage250","uid":65357}},{"type":"Feature","geometry":{"type":"Point","coordinates":[103.81818294525146,1.2577262603634125]},"properties":{"male":"yes","amenity":"toilets","id":"node/6418227031","_lat":"1.2577262603634125","_lon":"103.81818294525146","timestamp":"2019-04-20T17:22:28Z","version":1,"changeset":69407327,"user":"JaLooooNz","uid":741163}},{"type":"Feature","geometry":{"type":"Point","coordinates":[103.82077932357788,1.255902797017825]},"properties":{"fee":"no","amenity":"toilets","id":"node/9395995288","_lat":"1.255902797017825","_lon":"103.82077932357788","timestamp":"2023-12-10T06:11:55Z","version":2,"changeset":144955057,"user":"rh-maps","uid":1416788}},{"type":"Feature","geometry":{"type":"Point","coordinates":[103.81753921508789,1.2556024617564674]},"properties":{"amenity":"toilets","id":"node/11482357169","_lat":"1.2556024617564674","_lon":"103.81753921508789","timestamp":"2024-01-03T10:00:11Z","version":1,"changeset":145831672,"user":"Airiver","uid":13901111}},{"type":"Feature","geometry":{"type":"Point","coordinates":[103.81762504577637,1.2554951991547654]},"properties":{"fee":"no","amenity":"toilets","id":"node/4485958594","_lat":"1.2554951991547654","_lon":"103.81762504577637","timestamp":"2023-12-07T05:21:55Z","version":2,"changeset":144852663,"user":"rene78","uid":257555}},{"type":"Feature","geometry":{"type":"Point","coordinates":[103.81977081298828,1.2557311768727004]},"properties":{"amenity":"toilets","id":"node/1769151114","_lat":"1.2557311768727004","_lon":"103.81977081298828","timestamp":"2012-05-29T03:35:59Z","version":1,"changeset":11733396,"user":"matx17","uid":602634}},{"type":"Feature","geometry":{"type":"Point","coordinates":[103.81408452987671,1.254293857715112]},"properties":{"amenity":"toilets","id":"node/1778934723","_lat":"1.254293857715112","_lon":"103.81408452987671","timestamp":"2012-06-07T08:42:25Z","version":1,"changeset":11822563,"user":"matx17","uid":602634}},{"type":"Feature","geometry":{"type":"Point","coordinates":[103.81341934204102,1.2548730759781108]},"properties":{"amenity":"toilets","check_date":"2025-04-08","wheelchair":"yes","check_date:wheelchair":"2025-04-08","id":"node/4625353590","_lat":"1.2548730759781108","_lon":"103.81341934204102","timestamp":"2025-04-09T03:08:39Z","version":3,"changeset":164704004,"user":"cave2596","uid":6841341}},{"type":"Feature","geometry":{"type":"Point","coordinates":[103.81689548492432,1.2515908374602134]},"properties":{"amenity":"toilets","id":"node/1316096706","_lat":"1.2515908374602134","_lon":"103.81689548492432","timestamp":"2011-07-31T17:45:04Z","version":2,"changeset":8883354,"user":"cboothroyd","uid":255802}},{"type":"Feature","geometry":{"type":"Point","coordinates":[103.81674528121948,1.251419217032435]},"properties":{"amenity":"toilets","id":"node/4293904490","_lat":"1.251419217032435","_lon":"103.81674528121948","timestamp":"2016-07-10T02:23:15Z","version":1,"changeset":40622229,"user":"Iaquilin","uid":4050672}},{"type":"Feature","geometry":{"type":"Point","coordinates":[103.81779670715332,1.2511188812568292]},"properties":{"amenity":"toilets","id":"node/1316097696","_lat":"1.2511188812568292","_lon":"103.81779670715332","timestamp":"2017-03-24T00:04:58Z","version":2,"changeset":47110949,"user":"zhangosm","uid":5541546}},{"type":"Feature","geometry":{"type":"Point","coordinates":[103.81726026535034,1.2511403338133817]},"properties":{"amenity":"toilets","wheelchair":"yes","id":"node/4293905289","_lat":"1.2511403338133817","_lon":"103.81726026535034","timestamp":"2021-11-28T06:52:56Z","version":2,"changeset":114308052,"user":"wheelmap_visitor","uid":290680}},{"type":"Feature","geometry":{"type":"Point","coordinates":[103.8214659690857,1.250346589104538]},"properties":{"fee":"no","amenity":"toilets","check_date":"2025-12-16","wheelchair":"yes","changing_table":"yes","check_date:wheelchair":"2025-12-16","id":"node/4293900891","_lat":"1.250346589104538","_lon":"103.8214659690857","timestamp":"2025-12-16T08:34:36Z","version":5,"changeset":175993853,"user":"confusedbuffalo","uid":242345}},{"type":"Feature","geometry":{"type":"Point","coordinates":[103.81704568862915,1.2519555308319354]},"properties":{"amenity":"toilets","id":"node/4293900692","_lat":"1.2519555308319354","_lon":"103.81704568862915","timestamp":"2016-07-10T02:23:27Z","version":1,"changeset":40622229,"user":"Iaquilin","uid":4050672}},{"type":"Feature","geometry":{"type":"Point","coordinates":[103.81588697433472,1.252684917423153]},"properties":{"amenity":"toilets","id":"node/4629498589","_lat":"1.252684917423153","_lon":"103.81588697433472","timestamp":"2017-01-24T16:05:35Z","version":1,"changeset":45440324,"user":"Roszainy","uid":4280805}},{"type":"Feature","geometry":{"type":"Point","coordinates":[103.81524324417114,1.2530925157239352]},"properties":{"amenity":"toilets","wheelchair":"yes","id":"node/4625352691","_lat":"1.2530925157239352","_lon":"103.81524324417114","timestamp":"2021-11-28T07:03:50Z","version":2,"changeset":114308052,"user":"wheelmap_visitor","uid":290680}},{"type":"Feature","geometry":{"type":"Polygon","coordinates":[[[103.79101753234863,1.3022612709751087],[103.79106044769287,1.3022183667149818],[103.79101753234863,1.3021540103233917],[103.79095315933228,1.302196914584627],[103.79101753234863,1.3022612709751087]]]},"properties":{"amenity":"toilets","building":"yes","id":"way/1502472038","_lat":"1.3022076406492502","_lon":"103.79100680351257","timestamp":"2026-04-22T12:39:31Z","version":1,"changeset":181671414,"user":"B252697","uid":23175833}},{"type":"Feature","geometry":{"type":"Polygon","coordinates":[[[103.8011884689331,1.286729881275022],[103.80120992660522,1.2867084290136432],[103.80125284194946,1.2867513335362304],[103.80120992660522,1.2867727857972397],[103.8011884689331,1.286729881275022]]]},"properties":{"access":"yes","unisex":"yes","amenity":"toilets","building":"yes","changing_table":"yes","toilets:disposal":"flush","id":"way/601608859","_lat":"1.2867406074054415","_lon":"103.80122065544128","timestamp":"2026-01-23T09:26:57Z","version":5,"changeset":177599516,"user":"kenken234","uid":17241816}},{"type":"Feature","geometry":{"type":"Polygon","coordinates":[[[103.79110336303711,1.2835334923419168],[103.79114627838135,1.2834905877652858],[103.79110336303711,1.28344768318793],[103.79106044769287,1.2834905877652858],[103.79110336303711,1.2835334923419168]]]},"properties":{"fee":"no","access":"yes","amenity":"toilets","building":"toilets","id":"way/934910552","_lat":"1.2834905877649234","_lon":"103.79110336303711","timestamp":"2021-04-25T06:17:41Z","version":1,"changeset":103560945,"user":"MapTheWalk","uid":10499594}},{"type":"Feature","geometry":{"type":"Polygon","coordinates":[[[103.79026651382446,1.2840054426373655],[103.79035234451294,1.2838981812142407],[103.79028797149658,1.2838552766437346],[103.79022359848022,1.2839839903531072],[103.79026651382446,1.2840054426373655]]]},"properties":{"amenity":"toilets","building":"yes","building:levels":"1","id":"way/121884530","_lat":"1.28393035964055","_lon":"103.79028797149658","timestamp":"2026-01-21T14:57:56Z","version":2,"changeset":177526789,"user":"potato154","uid":23628989}},{"type":"Feature","geometry":{"type":"Polygon","coordinates":[[[103.79865646362305,1.2786209136458098],[103.79869937896729,1.2785994613164462],[103.7987208366394,1.2786423659749886],[103.79865646362305,1.2786638183039827],[103.79865646362305,1.2786209136458098]]]},"properties":{"fixme":"check location","amenity":"toilets","building":"yes","id":"way/1119080721","_lat":"1.2786316398102144","_lon":"103.79868865013123","timestamp":"2022-12-03T02:38:52Z","version":1,"changeset":129664306,"user":"leheng","uid":15587724}},{"type":"Feature","geometry":{"type":"Polygon","coordinates":[[[103.79159688949585,1.2757462999153404],[103.79163980484009,1.2757248475619747],[103.79161834716797,1.275681942854746],[103.79157543182373,1.275681942854746],[103.79159688949585,1.2757462999153404]]]},"properties":{"amenity":"toilets","building":"yes","id":"way/1133452754","_lat":"1.2757141213850431","_lon":"103.79160761833191","timestamp":"2023-01-19T11:57:47Z","version":1,"changeset":131463324,"user":"leheng","uid":15587724}},{"type":"Feature","geometry":{"type":"Polygon","coordinates":[[[103.79608154296875,1.3342032883114854],[103.79610300064087,1.3341174808912513],[103.79616737365723,1.3341389327466118],[103.79612445831299,1.3342247401660785],[103.79608154296875,1.3342032883114854]]]},"properties":{"amenity":"toilets","building":"yes","id":"way/452723823","_lat":"1.3341711105286649","_lon":"103.79612445831299","timestamp":"2020-08-29T03:54:33Z","version":2,"changeset":90105135,"user":"cboothroyd","uid":255802}},{"type":"Feature","geometry":{"type":"Polygon","coordinates":[[[103.82700204849243,1.3605031206440117],[103.82713079452515,1.3604173141501548],[103.82706642150879,1.3603315076532283],[103.8269591331482,1.3604173141501548],[103.82700204849243,1.3605031206440117]]]},"properties":{"fee":"no","male":"yes","access":"yes","female":"yes","amenity":"toilets","building":"yes","check_date":"2023-07-02","wheelchair":"yes","survey:date":"2020-08-30","changing_table":"yes","toilets:disposal":"flush","toilets:handwashing":"yes","id":"way/491742498","_lat":"1.36041731414862","_lon":"103.82704496383667","timestamp":"2023-07-11T14:24:01Z","version":4,"changeset":138383247,"user":"MapTheWalk","uid":10499594}},{"type":"Feature","geometry":{"type":"Polygon","coordinates":[[[103.83251667022705,1.358293602454978],[103.83258104324341,1.3582506991691474],[103.83255958557129,1.3582292475259692],[103.83249521255493,1.3582506991691474],[103.83251667022705,1.358293602454978]]]},"properties":{"amenity":"toilets","building":"yes","id":"way/1217536840","_lat":"1.3582614249904736","_lon":"103.83253812789917","timestamp":"2023-10-22T13:31:52Z","version":1,"changeset":142968615,"user":"cytw","uid":20492426}},{"type":"Feature","geometry":{"type":"Polygon","coordinates":[[[103.88377904891968,1.3552260156009055],[103.88382196426392,1.355140208919721],[103.88386487960815,1.355161660590312],[103.88382196426392,1.355247467270729],[103.88377904891968,1.3552260156009055]]]},"properties":{"amenity":"toilets","building":"yes","id":"way/1499051553","_lat":"1.355193838095225","_lon":"103.88382196426392","timestamp":"2026-04-13T13:55:05Z","version":2,"changeset":181277644,"user":"B252697","uid":23175833}},{"type":"Feature","geometry":{"type":"Polygon","coordinates":[[[103.87435913085938,1.3398236678087159],[103.87440204620361,1.3397593123911662],[103.87429475784302,1.3396735051651376],[103.87425184249878,1.3397164087785285],[103.87435913085938,1.3398236678087159]]]},"properties":{"amenity":"toilets","building":"yes","wheelchair":"yes","id":"way/1501831934","_lat":"1.3397485864869267","_lon":"103.8743269443512","timestamp":"2026-04-27T07:54:44Z","version":2,"changeset":181877439,"user":"wheelmap_visitor","uid":290680}},{"type":"Feature","geometry":{"type":"Polygon","coordinates":[[[103.80762577056885,1.3268452911721056],[103.80766868591309,1.3268023873344248],[103.80762577056885,1.326738031576454],[103.80758285522461,1.326780935415286],[103.80762577056885,1.3268452911721056]]]},"properties":{"fee":"no","male":"yes","access":"yes","female":"yes","amenity":"toilets","building":"yes","opening_hours":"24/7","toilets:disposal":"flush","id":"way/1155359161","_lat":"1.3267916613742798","_lon":"103.80762577056885","timestamp":"2023-12-25T14:41:52Z","version":2,"changeset":145500273,"user":"MapTheWalk","uid":10499594}},{"type":"Feature","geometry":{"type":"Polygon","coordinates":[[[103.84702205657959,1.3247000983757715],[103.84708642959595,1.3246571945008867],[103.84702205657959,1.3245284828717843],[103.84695768356323,1.3245713867489002],[103.84702205657959,1.3247000983757715]]]},"properties":{"amenity":"toilets","building":"yes","id":"way/261019244","_lat":"1.324614290623778","_lon":"103.84702205657959","timestamp":"2020-07-12T13:09:23Z","version":2,"changeset":87877770,"user":"MapTheWalk","uid":10499594}},{"type":"Feature","geometry":{"type":"Polygon","coordinates":[[[103.81447076797485,1.3207743907512253],[103.81449222564697,1.3206885828649746],[103.81457805633545,1.3206885828649746],[103.81457805633545,1.3207743907512253],[103.81447076797485,1.3207743907512253]]]},"properties":{"amenity":"toilets","building":"yes","id":"way/605666290","_lat":"1.3207314868081","_lon":"103.81452441215515","timestamp":"2024-10-03T07:38:49Z","version":3,"changeset":157406124,"user":"leheng","uid":15587724}},{"type":"Feature","geometry":{"type":"Polygon","coordinates":[[[103.8378381729126,1.246098978209389],[103.83790254592896,1.2460560730138468],[103.83788108825684,1.2460346204157986],[103.83790254592896,1.246013167817594],[103.83781671524048,1.2458844522246864],[103.83770942687988,1.2459488100219431],[103.83777379989624,1.2460775256117103],[103.83781671524048,1.2460560730138468],[103.8378381729126,1.246098978209389]]]},"properties":{"amenity":"toilets","building":"yes","roof:shape":"hipped","roof:material":"roof_tiles","id":"way/160954293","_lat":"1.2459917152170377","_lon":"103.83780598640442","timestamp":"2025-09-30T09:43:43Z","version":2,"changeset":172651732,"user":"dsfarc","uid":22926246}},{"type":"Feature","geometry":{"type":"Polygon","coordinates":[[[103.81492137908936,1.3113784096477872],[103.81489992141724,1.3113784096477872],[103.81492137908936,1.3114213137514383],[103.8149642944336,1.3113998616997122],[103.81492137908936,1.3113784096477872]]]},"properties":{"fee":"no","amenity":"toilets","building":"yes","wheelchair":"yes","id":"way/149654664","_lat":"1.3113998616996128","_lon":"103.81493210792542","timestamp":"2024-10-03T07:38:49Z","version":6,"changeset":157406124,"user":"leheng","uid":15587724}},{"type":"Feature","geometry":{"type":"Polygon","coordinates":[[[103.8672137260437,1.305629253114759],[103.8672137260437,1.305715061518029],[103.86727809906006,1.305715061518029],[103.86727809906006,1.305629253114759],[103.8672137260437,1.305629253114759]]]},"properties":{"fee":"no","access":"yes","amenity":"toilets","building":"public","check_date":"2023-02-18","roof:shape":"gabled","roof:levels":"1","opening_hours":"24/7","roof:material":"roof_tiles","building:levels":"1","roof:orientation":"along","id":"way/532056059","_lat":"1.305672157316394","_lon":"103.86724591255188","timestamp":"2023-03-01T14:59:59Z","version":3,"changeset":133175765,"user":"MapTheWalk","uid":10499594}},{"type":"Feature","geometry":{"type":"Polygon","coordinates":[[[103.86734247207642,1.3057365136183847],[103.86734247207642,1.305629253114759],[103.86727809906006,1.305629253114759],[103.86727809906006,1.305715061518029],[103.86734247207642,1.3057365136183847]]]},"properties":{"fee":"no","access":"yes","amenity":"toilets","building":"public","check_date":"2023-02-18","roof:shape":"gabled","roof:levels":"1","opening_hours":"24/7","roof:material":"roof_tiles","building:levels":"1","roof:orientation":"along","id":"way/1077928877","_lat":"1.305682883366572","_lon":"103.86731028556824","timestamp":"2023-03-01T14:59:59Z","version":2,"changeset":133175765,"user":"MapTheWalk","uid":10499594}},{"type":"Feature","geometry":{"type":"Polygon","coordinates":[[[103.81708860397339,1.308203503937662],[103.81711006164551,1.308139147699265],[103.81704568862915,1.3081176956194298],[103.81702423095703,1.3081820518583953],[103.81708860397339,1.308203503937662]]]},"properties":{"amenity":"toilets","building":"yes","id":"way/164775694","_lat":"1.308160599778546","_lon":"103.81706714630127","timestamp":"2024-10-03T07:38:49Z","version":4,"changeset":157406124,"user":"leheng","uid":15587724}},{"type":"Feature","geometry":{"type":"Polygon","coordinates":[[[103.87103319168091,1.3081605997789154],[103.87103319168091,1.3082678601744107],[103.87109756469727,1.3082678601744107],[103.87109756469727,1.3081605997789154],[103.87103319168091,1.3081605997789154]]]},"properties":{"fee":"no","amenity":"toilets","building":"yes","wheelchair":"yes","id":"way/839536667","_lat":"1.308214229976663","_lon":"103.87106537818909","timestamp":"2021-02-21T07:37:02Z","version":3,"changeset":99669671,"user":"MapTheWalk","uid":10499594}},{"type":"Feature","geometry":{"type":"Polygon","coordinates":[[[103.89096736907959,1.3062084597799384],[103.89098882675171,1.3062084597799384],[103.89098882675171,1.306251363972052],[103.89096736907959,1.306251363972052],[103.89096736907959,1.3062084597799384]]]},"properties":{"fee":"no","male":"yes","access":"yes","amenity":"toilets","changing_table":"no","toilets:disposal":"flush","id":"way/591347031","_lat":"1.3062299118759952","_lon":"103.89097809791565","timestamp":"2019-08-01T19:42:52Z","version":2,"changeset":72912914,"user":"thetornado76","uid":1624486}},{"type":"Feature","geometry":{"type":"Polygon","coordinates":[[[103.89092445373535,1.306251363972052],[103.89094591140747,1.3062084597799384],[103.89096736907959,1.3062084597799384],[103.89096736907959,1.306251363972052],[103.89092445373535,1.306251363972052]]]},"properties":{"fee":"no","access":"yes","female":"yes","amenity":"toilets","changing_table":"no","toilets:disposal":"flush","id":"way/591347030","_lat":"1.3062299118759952","_lon":"103.89094591140747","timestamp":"2019-08-01T19:42:52Z","version":2,"changeset":72912914,"user":"thetornado76","uid":1624486}},{"type":"Feature","geometry":{"type":"Polygon","coordinates":[[[103.89173984527588,1.306251363972052],[103.89178276062012,1.306251363972052],[103.89178276062012,1.3063371723540627],[103.89173984527588,1.3063371723540627],[103.89173984527588,1.306251363972052]]]},"properties":{"fee":"no","access":"yes","female":"yes","amenity":"toilets","changing_table":"no","toilets:disposal":"flush","id":"way/591347027","_lat":"1.3062942681630574","_lon":"103.891761302948","timestamp":"2019-08-01T19:42:52Z","version":2,"changeset":72912914,"user":"thetornado76","uid":1624486}},{"type":"Feature","geometry":{"type":"Polygon","coordinates":[[[103.89189004898071,1.3062728160678319],[103.89191150665283,1.3062728160678319],[103.89191150665283,1.3063371723540627],[103.89189004898071,1.3063371723540627],[103.89189004898071,1.3062728160678319]]]},"properties":{"fee":"no","male":"yes","access":"yes","amenity":"toilets","toilets:disposal":"flush","id":"way/591347028","_lat":"1.3063049942109473","_lon":"103.89190077781677","timestamp":"2018-05-27T11:10:22Z","version":1,"changeset":59311256,"user":"Bryan@OSM","uid":8300509}},{"type":"Feature","geometry":{"type":"Polygon","coordinates":[[[103.89201879501343,1.3060582951017778],[103.89206171035767,1.3060582951017778],[103.89206171035767,1.3061011992964495],[103.89201879501343,1.3061011992964495],[103.89201879501343,1.3060582951017778]]]},"properties":{"fee":"no","access":"yes","amenity":"toilets","building":"yes","changing_table":"no","toilets:disposal":"flush","id":"way/591347029","_lat":"1.3060797471991137","_lon":"103.89204025268555","timestamp":"2019-08-01T19:42:52Z","version":2,"changeset":72912914,"user":"thetornado76","uid":1624486}},{"type":"Feature","geometry":{"type":"Polygon","coordinates":[[[103.89083862304688,1.3055219926065718],[103.89088153839111,1.3055219926065718],[103.89088153839111,1.3055434447085759],[103.89083862304688,1.3055434447085759],[103.89083862304688,1.3055219926065718]]]},"properties":{"fee":"no","access":"yes","amenity":"toilets","changing_table":"no","toilets:disposal":"flush","id":"way/591347033","_lat":"1.3055327186575738","_lon":"103.890860080719","timestamp":"2019-08-01T19:42:52Z","version":2,"changeset":72912914,"user":"thetornado76","uid":1624486}},{"type":"Feature","geometry":{"type":"Polygon","coordinates":[[[103.89088153839111,1.305200211054526],[103.89092445373535,1.305200211054526],[103.89092445373535,1.305243115263849],[103.89088153839111,1.305221663159287],[103.89088153839111,1.305200211054526]]]},"properties":{"fee":"no","access":"yes","amenity":"toilets","changing_table":"no","toilets:disposal":"flush","id":"way/591347034","_lat":"1.3052216631591875","_lon":"103.89090299606323","timestamp":"2019-08-01T19:42:52Z","version":2,"changeset":72912914,"user":"thetornado76","uid":1624486}},{"type":"Feature","geometry":{"type":"Polygon","coordinates":[[[103.89079570770264,1.3050929505280493],[103.89081716537476,1.305050046316154],[103.89083862304688,1.305050046316154],[103.89083862304688,1.3050929505280493],[103.89079570770264,1.3050929505280493]]]},"properties":{"fee":"no","male":"yes","access":"yes","amenity":"toilets","changing_table":"no","toilets:disposal":"flush","id":"way/591347035","_lat":"1.3050714984221017","_lon":"103.89081716537476","timestamp":"2019-08-01T19:42:52Z","version":2,"changeset":72912914,"user":"thetornado76","uid":1624486}},{"type":"Feature","geometry":{"type":"Polygon","coordinates":[[[103.89079570770264,1.3050929505280493],[103.89083862304688,1.3050929505280493],[103.89083862304688,1.3051144026337056],[103.89079570770264,1.3051144026337056],[103.89079570770264,1.3050929505280493]]]},"properties":{"fee":"no","access":"yes","female":"yes","amenity":"toilets","changing_table":"no","toilets:disposal":"flush","id":"way/591347036","_lat":"1.3051036765808774","_lon":"103.89081716537476","timestamp":"2019-08-01T19:42:52Z","version":2,"changeset":72912914,"user":"thetornado76","uid":1624486}},{"type":"Feature","geometry":{"type":"Polygon","coordinates":[[[103.89178276062012,1.3046424562667909],[103.89180421829224,1.3046424562667909],[103.89180421829224,1.304685360485621],[103.89178276062012,1.304685360485621],[103.89178276062012,1.3046424562667909]]]},"properties":{"fee":"no","level":"2","access":"yes","female":"yes","amenity":"toilets","changing_table":"no","toilets:disposal":"flush","id":"way/591347038","_lat":"1.304663908376206","_lon":"103.89179348945618","timestamp":"2019-08-01T19:42:52Z","version":2,"changeset":72912914,"user":"thetornado76","uid":1624486}},{"type":"Feature","geometry":{"type":"Polygon","coordinates":[[[103.86699914932251,1.303891632318809],[103.86706352233887,1.303870180202722],[103.86704206466675,1.3037843717365263],[103.86702060699463,1.3037200153849682],[103.86695623397827,1.3037414675023342],[103.86697769165039,1.3038058238533523],[103.86699914932251,1.303891632318809]]]},"properties":{"fee":"no","access":"yes","amenity":"toilets","building":"yes","check_date":"2025-04-08","wheelchair":"yes","check_date:wheelchair":"2025-04-08","id":"way/532056051","_lat":"1.3038058238518886","_lon":"103.86700987815857","timestamp":"2025-04-09T01:05:25Z","version":3,"changeset":164702029,"user":"PurplePurplePurple","uid":19547380}},{"type":"Feature","geometry":{"type":"Polygon","coordinates":[[[103.85940313339233,1.2935731434307343],[103.85940313339233,1.2935945956342323],[103.85944604873657,1.2935945956342323],[103.85944604873657,1.2934873346149516],[103.85942459106445,1.2934873346149516],[103.85942459106445,1.2935087868191602],[103.85940313339233,1.2935087868191602],[103.85940313339233,1.2934873346149516],[103.85938167572021,1.2934873346149516],[103.85938167572021,1.2935731434307343],[103.85940313339233,1.2935731434307343]]]},"properties":{"room":"toilets","level":"0","female":"yes","indoor":"room","amenity":"toilets","id":"way/747736798","_lat":"1.293540965124592","_lon":"103.8594138622284","timestamp":"2019-11-21T11:42:39Z","version":2,"changeset":77373400,"user":"Frugol","uid":6744861}},{"type":"Feature","geometry":{"type":"Polygon","coordinates":[[[103.85948896408081,1.2927365073529984],[103.85955333709717,1.292715055142267],[103.85953187942505,1.2926292462974374],[103.85953187942505,1.2926077940857965],[103.85951042175293,1.2926077940857965],[103.85951042175293,1.292650698508922],[103.85948896408081,1.292650698508922],[103.85948896408081,1.2926077940857965],[103.85944604873657,1.2926077940857965],[103.85944604873657,1.2926936029313225],[103.85946750640869,1.2926936029313225],[103.85946750640869,1.292715055142267],[103.85948896408081,1.292715055142267],[103.85948896408081,1.2927365073529984]]]},"properties":{"room":"toilets","level":"0","indoor":"room","amenity":"toilets","id":"way/747736832","_lat":"1.2926721507193975","_lon":"103.85949969291687","timestamp":"2019-11-28T12:19:15Z","version":3,"changeset":77679148,"user":"Frugol","uid":6744861}},{"type":"Feature","geometry":{"type":"Polygon","coordinates":[[[103.84693622589111,1.2860863133551845],[103.84697914123535,1.2860648610883771],[103.84693622589111,1.286021956554265],[103.84689331054688,1.2860434088214276],[103.84693622589111,1.2860863133551845]]]},"properties":{"access":"yes","height":"18","unisex":"yes","amenity":"toilets","building":"toilets","wheelchair":"yes","opening_hours:covid19":"closed","id":"way/193443219","_lat":"1.2860541349547248","_lon":"103.84693622589111","timestamp":"2023-12-31T12:39:39Z","version":5,"changeset":145731322,"user":"MapTheWalk","uid":10499594}},{"type":"Feature","geometry":{"type":"Polygon","coordinates":[[[103.80483627319336,1.2885962273241205],[103.80490064620972,1.288531870586553],[103.80483627319336,1.2884889660939507],[103.80479335784912,1.288531870586553],[103.80479335784912,1.2885533228325983],[103.80483627319336,1.2885962273241205]]]},"properties":{"layer":"0","level":"0","amenity":"toilets","id":"way/362268141","_lat":"1.2885425967090356","_lon":"103.80484700202942","timestamp":"2017-12-03T21:40:17Z","version":5,"changeset":54310572,"user":"pyram","uid":497849}},{"type":"Feature","geometry":{"type":"Polygon","coordinates":[[[103.85940313339233,1.2830829942513589],[103.85940313339233,1.2830615419593556],[103.8593602180481,1.2830615419593556],[103.85933876037598,1.2830829942513589],[103.85933876037598,1.2831044465431773],[103.8593602180481,1.2831258988348253],[103.85940313339233,1.2831258988348253],[103.85940313339233,1.2831044465431773],[103.85940313339233,1.2830829942513589]]]},"properties":{"fee":"no","image":"https://images.mapillary.com/rdPgpMAlnMGysvkrXomtkQ/thumb-2048.jpg","amenity":"toilets","landuse":"flowerbed","building":"yes","mapillary":"817343025867363","wheelchair":"yes","changing_table":"yes","id":"way/395907258","_lat":"1.2830937203970905","_lon":"103.85937094688416","timestamp":"2024-10-12T15:20:31Z","version":9,"changeset":157800954,"user":"Ropino","uid":42123}},{"type":"Feature","geometry":{"type":"Polygon","coordinates":[[[103.80479335784912,1.2788783415841323],[103.80479335784912,1.2789212462380135],[103.80483627319336,1.2789212462380135],[103.80483627319336,1.2788783415841323],[103.80479335784912,1.2788783415841323]]]},"properties":{"fee":"no","access":"yes","amenity":"toilets","building":"yes","id":"way/503919283","_lat":"1.278899793911073","_lon":"103.80481481552124","timestamp":"2021-01-26T00:35:04Z","version":2,"changeset":98148923,"user":"MapTheWalk","uid":10499594}},{"type":"Feature","geometry":{"type":"Polygon","coordinates":[[[103.81118774414062,1.2681736080901373],[103.81118774414062,1.2682379653380167],[103.81125211715698,1.2682379653380167],[103.81125211715698,1.2681736080901373],[103.81118774414062,1.2681736080901373]]]},"properties":{"amenity":"toilets","building":"yes","id":"way/252414867","_lat":"1.268205786714077","_lon":"103.8112199306488","timestamp":"2013-12-18T09:08:26Z","version":1,"changeset":19511536,"user":"SGAnBe","uid":1834351}},{"type":"Feature","geometry":{"type":"Polygon","coordinates":[[[103.81962060928345,1.2663072472064272],[103.81962060928345,1.2663716045006623],[103.8196849822998,1.2663716045006623],[103.81972789764404,1.2663501520694211],[103.81972789764404,1.266285794774646],[103.81966352462769,1.266285794774646],[103.81962060928345,1.2663072472064272]]]},"properties":{"fee":"no","access":"yes","amenity":"toilets","building":"toilets","id":"way/979470980","_lat":"1.2663286996376542","_lon":"103.81967425346375","timestamp":"2021-09-04T07:12:41Z","version":1,"changeset":110704538,"user":"MapTheWalk","uid":10499594}},{"type":"Feature","geometry":{"type":"Polygon","coordinates":[[[103.89223337173462,1.304685360485621],[103.89223337173462,1.304706812594759],[103.89225482940674,1.304706812594759],[103.89225482940674,1.304685360485621],[103.89223337173462,1.304685360485621]]]},"properties":{"fee":"no","male":"yes","level":"2","access":"yes","amenity":"toilets","supervised":"no","changing_table":"no","toilets:disposal":"flush","id":"way/591347041","_lat":"1.30469608654019","_lon":"103.89224410057068","timestamp":"2019-08-01T19:42:52Z","version":2,"changeset":72912914,"user":"thetornado76","uid":1624486}},{"type":"Feature","geometry":{"type":"Polygon","coordinates":[[[103.8923192024231,1.304899881568815],[103.8923192024231,1.3048355252457782],[103.89229774475098,1.3048355252457782],[103.89229774475098,1.3048784294613114],[103.8923192024231,1.304899881568815]]]},"properties":{"fee":"no","male":"yes","access":"yes","amenity":"toilets","changing_table":"no","toilets:disposal":"flush","id":"way/591347042","_lat":"1.3048677034072966","_lon":"103.89230847358704","timestamp":"2019-08-01T19:42:52Z","version":2,"changeset":72912914,"user":"thetornado76","uid":1624486}},{"type":"Feature","geometry":{"type":"Polygon","coordinates":[[[103.89257669448853,1.3048569773536371],[103.89257669448853,1.304899881568815],[103.89261960983276,1.304899881568815],[103.89261960983276,1.3048569773536371],[103.89257669448853,1.3048569773536371]]]},"properties":{"fee":"no","access":"yes","female":"yes","amenity":"toilets","changing_table":"no","toilets:disposal":"flush","id":"way/591347043","_lat":"1.3048784294612261","_lon":"103.89259815216064","timestamp":"2019-08-01T19:42:52Z","version":2,"changeset":72912914,"user":"thetornado76","uid":1624486}},{"type":"Feature","geometry":{"type":"Polygon","coordinates":[[[103.90594482421875,1.3010384992751653],[103.90600919723511,1.301017047134792],[103.90603065490723,1.3009955949942196],[103.90600919723511,1.300952690712549],[103.90596628189087,1.3009955949942196],[103.90592336654663,1.301017047134792],[103.90594482421875,1.3010384992751653]]]},"properties":{"male":"yes","room":"toilets","level":"-1","indoor":"room","amenity":"toilets","id":"way/746110684","_lat":"1.3009955949938572","_lon":"103.90597701072693","timestamp":"2019-11-20T06:43:30Z","version":2,"changeset":77303615,"user":"Frugol","uid":6744861}},{"type":"Feature","geometry":{"type":"Polygon","coordinates":[[[103.90607357025146,1.3009741428534767],[103.90609502792358,1.300952690712549],[103.90605211257935,1.3009312385714509],[103.90603065490723,1.300952690712549],[103.90607357025146,1.3009741428534767]]]},"properties":{"room":"toilets","level":"-1","female":"yes","indoor":"room","amenity":"toilets","id":"way/747194787","_lat":"1.3009526907124638","_lon":"103.9060628414154","timestamp":"2019-11-20T06:43:30Z","version":1,"changeset":77303615,"user":"Frugol","uid":6744861}},{"type":"Feature","geometry":{"type":"Polygon","coordinates":[[[103.90592336654663,1.3009312385714509],[103.90590190887451,1.3009955949942196],[103.90592336654663,1.3009955949942196],[103.90594482421875,1.3009741428534767],[103.90596628189087,1.3009955949942196],[103.90600919723511,1.300952690712549],[103.90596628189087,1.3009097864301538],[103.90592336654663,1.3009312385714509]]]},"properties":{"room":"toilets","level":"-1","female":"yes","indoor":"room","amenity":"toilets","id":"way/746110680","_lat":"1.3009526907121867","_lon":"103.90595555305481","timestamp":"2019-11-20T06:43:30Z","version":2,"changeset":77303615,"user":"Frugol","uid":6744861}},{"type":"Feature","geometry":{"type":"Polygon","coordinates":[[[103.90609502792358,1.300952690712549],[103.90609502792358,1.3009312385714509],[103.9061164855957,1.3009097864301538],[103.90607357025146,1.300888334288686],[103.90607357025146,1.3009097864301538],[103.90605211257935,1.3009312385714509],[103.90609502792358,1.300952690712549]]]},"properties":{"male":"yes","room":"toilets","level":"-1","indoor":"room","amenity":"toilets","id":"way/747194788","_lat":"1.3009205125006176","_lon":"103.90608429908752","timestamp":"2019-11-20T06:43:30Z","version":1,"changeset":77303615,"user":"Frugol","uid":6744861}},{"type":"Feature","geometry":{"type":"Polygon","coordinates":[[[103.90542984008789,1.3014031856336743],[103.90545129776001,1.301381733496413],[103.90545129776001,1.3013602813589529],[103.90538692474365,1.3013173770834783],[103.90536546707153,1.3013602813589529],[103.90542984008789,1.3014031856336743]]]},"properties":{"room":"toilets","level":"5","indoor":"room","amenity":"toilets","id":"way/746033006","_lat":"1.3013602813585763","_lon":"103.90540838241577","timestamp":"2019-11-20T06:57:26Z","version":5,"changeset":77304307,"user":"Frugol","uid":6744861}},{"type":"Feature","geometry":{"type":"Polygon","coordinates":[[[103.90495777130127,1.3019823932711745],[103.90502214431763,1.3019609411388302],[103.90502214431763,1.301896584740689],[103.90493631362915,1.3019180368735732],[103.90495777130127,1.3019823932711745]]]},"properties":{"room":"toilets","level":"-1","indoor":"room","amenity":"toilets","building":"yes","id":"way/746110658","_lat":"1.3019394890059317","_lon":"103.90497922897339","timestamp":"2019-11-20T06:43:30Z","version":2,"changeset":77303615,"user":"Frugol","uid":6744861}},{"type":"Feature","geometry":{"type":"Polygon","coordinates":[[[103.90495777130127,1.3020467496671273],[103.90504360198975,1.3020252975353372],[103.90504360198975,1.3019823932711745],[103.90495777130127,1.3020038454033624],[103.90495777130127,1.3020467496671273]]]},"properties":{"room":"toilets","level":"-1","indoor":"room","amenity":"toilets","building":"yes","id":"way/746110665","_lat":"1.302014571469151","_lon":"103.90500068664551","timestamp":"2019-11-20T06:43:30Z","version":2,"changeset":77303615,"user":"Frugol","uid":6744861}},{"type":"Feature","geometry":{"type":"Point","coordinates":[103.786685,1.335789]},"properties":{"bar":"yes","name":"Lino","phone":"+65 64635282","branch":"Binjai","amenity":"restaurant","cuisine":"italian","toilets":"yes","website":"https://www.linorestaurant.com/","takeaway":"yes","addr:city":"Singapore","addr:street":"Binjai Park","reservation":"yes","addr:country":"SG","addr:postcode":"589821","opening_hours":"Mo-Su 12:00-14:30, 17:30-20:30","diet:vegetarian":"yes","outdoor_seating":"yes","addr:housenumber":"7","air_conditioning":"yes","id":"node/7162255485","_lat":"1.3357907250455412","_lon":"103.78668308258057","timestamp":"2023-11-19T12:05:47Z","version":3,"changeset":144205367,"user":"MapTheWalk","uid":10499594}},{"type":"Feature","geometry":{"type":"Point","coordinates":[103.7967709,1.3238966]},"properties":{"pet":"yes","name":"Baker & Cook","phone":"+65 6466 2208","amenity":"cafe","toilets":"yes","website":"https://www.bakerandcook.biz/","takeaway":"yes","addr:city":"Singapore","addr:street":"Namly Place","payment:cash":"no","payment:nets":"yes","payment:visa":"yes","addr:postcode":"267208","opening_hours":"07:30-22:00","outdoor_seating":"yes","addr:housenumber":"64","air_conditioning":"yes","payment:mastercard":"yes","payment:contactless":"yes","payment:debit_cards":"yes","payment:credit_cards":"yes","id":"node/4538844762","_lat":"1.3239063765702213","_lon":"103.79676818847656","timestamp":"2023-11-19T12:05:47Z","version":4,"changeset":144205367,"user":"MapTheWalk","uid":10499594}},{"type":"Feature","geometry":{"type":"Point","coordinates":[103.7943765,1.3112192]},"properties":{"name":"Team Salon One Holland Village (Aveda)","shop":"hairdresser","brand":"Team Salon; Aveda; Savehair; Olaplex","email":"info@team-salon.com","phone":"+65 6513 5236","branch":"One Holland Village","toilets":"yes","website":"https://www.teamsalon.com.sg/","operator":"Team Salon","stroller":"yes","addr:city":"Singapore","addr:street":"Holland Village Way #03-06","description":"Established in 1985, TEAM Salon is an Award Winning Eco Wellness Chain Salon with 7 locations (Raffles City, Parkway Parade, Vivocity, JEM, Star Vista, Holland Village , Bukit Timah Plaza). We are Aveda (USA) & Dyson (UK) Concept Salon.","payment:cash":"yes","payment:visa":"yes","addr:postcode":"275748","building:levels":"3","internet_access":"wlan","addr:housenumber":"7","air_conditioning":"yes","payment:apple_pay":"yes","payment:mastercard":"yes","internet_access:fee":"customers","payment:contactless":"yes","payment:credit_cards":"yes","payment:discover_card":"yes","payment:american_express":"yes","id":"node/11724884012","_lat":"1.3112282452791817","_lon":"103.79438638687134","timestamp":"2025-11-26T04:09:32Z","version":3,"changeset":175136549,"user":"confusedbuffalo","uid":242345}},{"type":"Feature","geometry":{"type":"Point","coordinates":[103.7966136,1.3114515]},"properties":{"name":"% Arabica","brand":"% Arabica","level":"0","amenity":"cafe","cuisine":"coffee_shop","smoking":"no","toilets":"yes","takeaway":"yes","toilets:access":"customers","internet_access":"wlan","outdoor_seating":"yes","toilets:disposal":"flush","toilets:position":"seated","toilets:wheelchair":"no","internet_access:fee":"no","opening_hours:signed":"no","check_date:opening_hours":"2026-03-04","id":"node/10771041135","_lat":"1.311442765802994","_lon":"103.79661798477173","timestamp":"2026-03-04T04:07:57Z","version":4,"changeset":179330782,"user":"strugk","uid":1433744}},{"type":"Feature","geometry":{"type":"Point","coordinates":[103.797323,1.3067654]},"properties":{"name":"Aces League 31","amenity":"food_court","toilets":"yes","addr:city":"Singapore","addr:street":"Holland Close","addr:postcode":"270031","addr:housenumber":"31","air_conditioning":"no","id":"node/10918168206","_lat":"1.306766214220204","_lon":"103.79732608795166","timestamp":"2023-05-22T11:45:15Z","version":1,"changeset":136409581,"user":"Doge05","uid":4026892}},{"type":"Feature","geometry":{"type":"Point","coordinates":[103.7981881,1.3045574]},"properties":{"name":"FoodMore","amenity":"food_court","toilets":"yes","capacity":"300","addr:city":"Singapore","wheelchair":"yes","addr:street":"Commonwealth Drive","addr:postcode":"149597","addr:housenumber":"115B","air_conditioning":"no","id":"node/1655661342","_lat":"1.3045566478269421","_lon":"103.79818439483643","timestamp":"2023-05-22T11:45:15Z","version":3,"changeset":136409581,"user":"Doge05","uid":4026892}},{"type":"Feature","geometry":{"type":"Point","coordinates":[103.8004943,1.2678973]},"properties":{"bar":"yes","name":"ASU","phone":"+65 6278 6364","amenity":"restaurant","cuisine":"fine_dining;asian","toilets":"yes","fixme:zh":"-","old_name":"Tamarind Hill","operator":"Ace Tan","addr:city":"Singapore","addr:street":"Labrador Villa Road","addr:postcode":"119189","internet_access":"yes","outdoor_seating":"yes","addr:housenumber":"30","air_conditioning":"yes","contact:instagram":"https://www.instagram.com/asu.singapore","id":"node/12520987578","_lat":"1.2678947266642524","_lon":"103.8005018234253","timestamp":"2025-01-21T17:12:47Z","version":2,"changeset":161608835,"user":"rene78","uid":257555}},{"type":"Feature","geometry":{"type":"Point","coordinates":[103.8505525,1.3508384]},"properties":{"name":"Gourmet Express","amenity":"food_court","smoking":"separated","toilets":"yes","opening_hours":"24/7","id":"node/5646689831","_lat":"1.3508284192795372","_lon":"103.85056257247925","timestamp":"2018-05-28T02:15:24Z","version":1,"changeset":59325839,"user":"btcprox","uid":5741766}},{"type":"Feature","geometry":{"type":"Point","coordinates":[103.8851591,1.3433256]},"properties":{"name":"Vico Bridal","shop":"clothes","brand":"Vico Bridal","email":"hello@vicobridal.sg","level":"7","phone":"+65 89426119","clothes":"wedding;wedding_gowns","toilets":"yes","operator":"Vico Bridal","addr:city":"Singapore","addr:street":"New Industrial Road","addr:postcode":"536209","opening_hours":"Mo-Su 10:00-21:00","payment:paynow":"yes","addr:housenumber":"23","air_conditioning":"yes","payment:bank_transfer":"yes","id":"node/10938612960","_lat":"1.34332030961869","_lon":"103.8851523399353","timestamp":"2023-05-30T01:26:46Z","version":2,"changeset":136721461,"user":"LucasVictoria","uid":19421781}},{"type":"Feature","geometry":{"type":"Point","coordinates":[103.8455375,1.3272328]},"properties":{"name":"Naowarat","email":"enquiry@naowarat.com.sg","level":"0;1","phone":"+65 6909 3600","brewery":"no","cuisine":"thai","smoking":"no","toilets":"yes","capacity":"90","delivery":"yes","takeaway":"yes","addr:unit":"#01-06","addr:floor":"1","check_date":"2025-09-18","wheelchair":"no","addr:street":"Balestier Road","payment:visa":"yes","addr:postcode":"329857","opening_hours":"Mo off; Tu-Su 11:30-22:00","disused:amenity":"restaurant","internet_access":"wlan","outdoor_seating":"no","addr:housenumber":"530","air_conditioning":"yes","contact:facebook":"https://www.facebook.com/NaowaratThaiBistro","contact:instagram":"https://www.instagram.com/naowaratthai","payment:mastercard":"yes","internet_access:fee":"customers","internet_access:ssid":"Naowarat_Guest","payment:credit_cards":"yes","id":"node/9858422910","_lat":"1.3272314256779794","_lon":"103.84554147720337","timestamp":"2025-09-18T06:11:22Z","version":10,"changeset":172095226,"user":"MapTheWalk","uid":10499594}},{"type":"Feature","geometry":{"type":"Point","coordinates":[103.8464206,1.3269686]},"properties":{"name":"FairPrice","shop":"supermarket","brand":"NTUC FairPrice","level":"1","name:en":"FairPrice","name:zh":"职总平价超市","organic":"yes","toilets":"yes","addr:unit":"#02-01","addr:floor":"2","check_date":"2023-03-14","diet:halal":"yes","diet:vegan":"yes","wheelchair":"yes","addr:street":"Ah Hood Road","payment:cash":"yes","opening_hours":"08:00-23:00","brand:wikidata":"Q6955519","toilets:access":"permissive","diet:vegetarian":"yes","addr:housenumber":"20","air_conditioning":"yes","brand:wikipedia:en":"NTUC FairPrice","payment:credit_cards":"yes","id":"node/2767277546","_lat":"1.326974002680771","_lon":"103.84642124176025","timestamp":"2026-05-08T19:34:06Z","version":14,"changeset":182398308,"user":"confusedbuffalo","uid":242345}},{"type":"Feature","geometry":{"type":"Point","coordinates":[103.8503235,1.3250579]},"properties":{"name":"Chinese Cuisine","level":"0","source":"Kaart Ground Survey 2017","amenity":"restaurant","cuisine":"chinese","toilets":"yes","check_date":"2024-04-06","wheelchair":"no","opening_hours":"Mo-Su 12:00-24:00","indoor_seating":"yes","diet:vegetarian":"yes","internet_access":"wlan","outdoor_seating":"no","air_conditioning":"yes","internet_access:fee":"customers","id":"node/4749181587","_lat":"1.325064781282265","_lon":"103.85032653808594","timestamp":"2026-01-23T11:32:31Z","version":8,"changeset":177604813,"user":"kenken234","uid":17241816}},{"type":"Feature","geometry":{"type":"Point","coordinates":[103.8420049,1.3205326]},"properties":{"pet":"no","name":"Ramen Bari-Uma","level":"0","amenity":"restaurant","cuisine":"ramen","smoking":"no","toilets":"yes","delivery":"yes","facebook":"BariumaRamen","highchair":"no","check_date":"2024-01-12","wheelchair":"limited","addr:street":"Thomson Road","payment:visa":"yes","opening_hours":"11:00-21:30","payment:paylah":"yes","payment:paynow":"yes","outdoor_seating":"yes","addr:housenumber":"273","air_conditioning":"yes","contact:instagram":"https://www.instagram.com/Bariuma_SG","payment:mastercard":"yes","payment:credit_cards":"yes","payment:american_express":"yes","id":"node/10287172717","_lat":"1.3205384190568878","_lon":"103.84200096130371","timestamp":"2024-01-16T13:21:16Z","version":4,"changeset":146323743,"user":"MapTheWalk","uid":10499594}},{"type":"Feature","geometry":{"type":"Point","coordinates":[103.8417058,1.321042]},"properties":{"name":"Indosunda","level":"0","amenity":"restaurant","cuisine":"indonesian","toilets":"yes","addr:unit":"01-03","check_date":"2024-12-24","wheelchair":"yes","addr:street":"Thomson Road","payment:cash":"yes","payment:cards":"no","indoor_seating":"yes","payment:paynow":"yes","internet_access":"wlan","outdoor_seating":"yes","addr:housenumber":"275","contact:instagram":"https://www.instagram.com/indosunda.sg","internet_access:fee":"customers","payment:debit_cards":"no","payment:credit_cards":"no","id":"node/6665150760","_lat":"1.3210318143922137","_lon":"103.84170055389404","timestamp":"2025-01-02T11:38:25Z","version":10,"changeset":160903010,"user":"MapTheWalk","uid":10499594}},{"type":"Feature","geometry":{"type":"Point","coordinates":[103.8625007,1.317115]},"properties":{"name":"Dignity Kitchen","phone":"+65 8189 7678","amenity":"food_court","cuisine":"local;malay;chinese","toilets":"yes","website":"https://projectdignity.sg/dignity-kitchen/","facebook":"https://www.facebook.com/proj.dignity/","operator":"Project Dignity","takeaway":"yes","instagram":"https://www.instagram.com/projectdignitysg/","check_date":"2024-03-18","diet:halal":"only","addr:street":"Boon Keng Road","payment:cash":"yes","payment:sgqr":"yes","addr:postcode":"339772","opening_hours":"Mo-Sa 08:00-15:00; Su,PH off","changing_table":"no","indoor_seating":"yes","internet_access":"yes","addr:housenumber":"69","air_conditioning":"no","contact:whatsapp":"+65 9853 9086","internet_access:fee":"no","id":"node/8957595599","_lat":"1.3171061009722393","_lon":"103.86249303817749","timestamp":"2025-12-24T05:23:06Z","version":4,"changeset":176336894,"user":"confusedbuffalo","uid":242345}},{"type":"Feature","geometry":{"type":"Point","coordinates":[103.8719992,1.3128565]},"properties":{"bar":"no","name":"Food Haven","amenity":"restaurant","brewery":"no","cuisine":"coffee_shop","toilets":"yes","takeaway":"yes","highchair":"no","check_date":"2026-03-30","wheelchair":"yes","disused:shop":"yes","microbrewery":"no","payment:cash":"yes","payment:cards":"no","internet_access":"no","outdoor_seating":"yes","payment:qr_code":"yes","air_conditioning":"no","payment:debit_cards":"no","payment:credit_cards":"no","id":"node/6390805187","_lat":"1.31285860079889","_lon":"103.87199878692627","timestamp":"2026-03-30T01:25:14Z","version":4,"changeset":180608292,"user":"ObliviousDaniel","uid":8150122}},{"type":"Feature","geometry":{"type":"Point","coordinates":[103.8564522,1.3087237]},"properties":{"bar":"no","pet":"no","name":"Cow & Farmer","level":"0","amenity":"restaurant","cuisine":"indian","smoking":"no","toilets":"yes","delivery":"yes","takeaway":"yes","check_date":"2024-01-28","wheelchair":"no","addr:street":"Syed Alwi Road","diet:vegetarian":"only","outdoor_seating":"no","addr:housenumber":"72","air_conditioning":"yes","id":"node/4737129411","_lat":"1.3087183537854656","_lon":"103.85644197463989","timestamp":"2024-01-29T06:19:49Z","version":3,"changeset":146806143,"user":"MapTheWalk","uid":10499594}},{"type":"Feature","geometry":{"type":"Point","coordinates":[103.8600475,1.3122215]},"properties":{"name":"Cheng Mun Chee Kee Pig Organ Soup","level":"0","phone":"+65 69021558","amenity":"restaurant","cuisine":"chinese;soup","smoking":"no","toilets":"yes","delivery":"yes","takeaway":"yes","diet:meat":"yes","check_date":"2023-12-01","diet:halal":"no","wheelchair":"no","addr:street":"Foch Road","reservation":"no","payment:cash":"only","addr:postcode":"209263","opening_hours":"Tu-Su 09:00-05:00","payment:cards":"no","internet_access":"no","outdoor_seating":"yes","addr:housenumber":"24","air_conditioning":"no","payment:debit_cards":"no","payment:credit_cards":"no","id":"node/6503249933","_lat":"1.3122150395364685","_lon":"103.86004686355591","timestamp":"2023-12-11T14:45:09Z","version":10,"changeset":145002627,"user":"MapTheWalk","uid":10499594}},{"type":"Feature","geometry":{"type":"Point","coordinates":[103.8330692,1.3047546]},"properties":{"name":"Tangs","shop":"department_store","toilets":"yes","addr:city":"Singapore","wheelchair":"yes","addr:street":"Orchard Road","addr:postcode":"238864","opening_hours":"Mo-Su 10:00-22:00","changing_table":"yes","addr:housenumber":"310","id":"node/1839604020","_lat":"1.304749716812509","_lon":"103.83307456970215","timestamp":"2025-12-17T12:38:21Z","version":6,"changeset":176048897,"user":"confusedbuffalo","uid":242345}},{"type":"Feature","geometry":{"type":"Point","coordinates":[103.8520336,1.3050069]},"properties":{"name":"Premaas Cuisine","phone":"+65 6392 3644","amenity":"restaurant","cuisine":"indian","toilets":"yes","website":"https://premaas.com/","capacity":"20","addr:city":"Singapore","addr:street":"Dalhousie Lane","payment:cash":"yes","payment:visa":"yes","website:menu":"http://premaas.com/index.php/3d-flip-book/menu-card/","addr:postcode":"209675","payment:cards":"yes","diet:vegetarian":"yes","outdoor_seating":"yes","addr:housenumber":"6","air_conditioning":"yes","payment:mastercard":"yes","payment:contactless":"yes","payment:debit_cards":"yes","payment:credit_cards":"yes","id":"node/3068565162","_lat":"1.3050071421035483","_lon":"103.85204315185547","timestamp":"2026-01-22T13:47:06Z","version":3,"changeset":177565578,"user":"kenken234","uid":17241816}},{"type":"Feature","geometry":{"type":"Point","coordinates":[103.8316799,1.3055893]},"properties":{"name":"Isetan","shop":"department_store","phone":"+65 6733 1111","name:en":"Isetan","name:ja":"伊勢丹","toilets":"yes","alt_name":"Isetan Scotts","wikidata":"Q3155239","addr:city":"Singapore","wikipedia":"en:Isetan","addr:street":"Orchard Road","addr:country":"SG","name:zh-Hans":"伊势丹","name:zh-Hant":"伊勢丹","addr:postcode":"238868","opening_hours":"Mo-Su 10:00-21:00","addr:housenumber":"350","air_conditioning":"yes","id":"node/1839603992","_lat":"1.3055863489120298","_lon":"103.8316798210144","timestamp":"2025-12-17T12:38:25Z","version":8,"changeset":176048896,"user":"confusedbuffalo","uid":242345}},{"type":"Feature","geometry":{"type":"Point","coordinates":[103.8741658,1.305809]},"properties":{"ref":"Gate 16","door":"no","level":"1","toilets":"yes","wheelchair":"no","id":"node/11669654238","_lat":"1.3058008699183574","_lon":"103.8741660118103","timestamp":"2024-03-01T16:17:06Z","version":2,"changeset":148102984,"user":"bella_citymapper","uid":15500155}},{"type":"Feature","geometry":{"type":"Point","coordinates":[103.852383,1.3063689]},"properties":{"name":"Madras New Woodlands","phone":"+65 62971594","amenity":"restaurant","cuisine":"indian","toilets":"yes","addr:city":"Singapore","check_date":"2024-04-25","diet:vegan":"yes","addr:street":"Upper Dickson Road","survey:date":"2020-11-27","payment:cash":"yes","payment:nets":"yes","addr:district":"Little India","addr:postcode":"207494","opening_hours":"09:00-22:30","payment:cards":"no","indoor_seating":"yes","payment:paynow":"yes","diet:vegetarian":"only","outdoor_seating":"no","addr:housenumber":"14","air_conditioning":"yes","contact:facebook":"https://www.facebook.com/MadrasNewWoodlandsRestaurant/","payment:debit_cards":"no","payment:credit_cards":"no","id":"node/7179141560","_lat":"1.3063586244491034","_lon":"103.85238647460938","timestamp":"2024-04-26T12:47:50Z","version":6,"changeset":150537590,"user":"MapTheWalk","uid":10499594}},{"type":"Feature","geometry":{"type":"Point","coordinates":[103.8556726,1.3081408]},"properties":{"name":"Main Street Commissary","amenity":"cafe","toilets":"yes","addr:city":"Singapur","addr:street":"Rowell Rd","reservation":"yes","addr:postcode":"208014","payment:cards":"yes","addr:housenumber":"81","air_conditioning":"yes","payment:contactless":"yes","id":"node/12015938925","_lat":"1.308139147699265","_lon":"103.8556694984436","timestamp":"2024-06-27T23:54:00Z","version":1,"changeset":153269912,"user":"NavierStokes","uid":10723315}},{"type":"Feature","geometry":{"type":"Point","coordinates":[103.8506964,1.3079789]},"properties":{"name":"Jaggi's Northern Indian Cuisine","level":"0;1","amenity":"restaurant","cuisine":"punjabi;indian","toilets":"yes","delivery":"yes","takeaway":"yes","addr:floor":"1;2","check_date":"2025-03-09","wheelchair":"no","addr:street":"Race Course Road","payment:cash":"yes","payment:nets":"yes","payment:visa":"yes","diet:vegetarian":"yes","outdoor_seating":"yes","addr:housenumber":"36","air_conditioning":"yes","contact:facebook":"https://www.facebook.com/i.love.jaggis/","payment:mastercard":"yes","payment:debit_cards":"yes","payment:credit_cards":"yes","id":"node/4571441894","_lat":"1.3079889831365676","_lon":"103.85069131851196","timestamp":"2025-03-14T23:38:03Z","version":5,"changeset":163630846,"user":"MapTheWalk","uid":10499594}},{"type":"Feature","geometry":{"type":"Point","coordinates":[103.8755799,1.3039279]},"properties":{"ref":"Gate 8","door":"no","exit":"yes","level":"1","access":"yes","toilets":"yes","entrance":"yes","wheelchair":"no","id":"node/11669654251","_lat":"1.3039345365504431","_lon":"103.87558221817017","timestamp":"2024-02-27T18:03:49Z","version":1,"changeset":147984427,"user":"bella_citymapper","uid":15500155}},{"type":"Feature","geometry":{"type":"Point","coordinates":[103.8745941,1.3031005]},"properties":{"ref":"Gate 4","toilets":"yes","wheelchair":"no","id":"node/11669654247","_lat":"1.3030979039017154","_lon":"103.87459516525269","timestamp":"2024-03-01T16:17:06Z","version":2,"changeset":148102984,"user":"bella_citymapper","uid":15500155}},{"type":"Feature","geometry":{"type":"Point","coordinates":[103.8395,1.3007941]},"properties":{"name":"Don Don Donki","shop":"department_store","email":"support.sg@dondondonki.com","level":"-1","toilets":"yes","website":"https://www.dondondonki.sg","wheelchair":"yes","addr:postcode":"238896","opening_hours":"24/7","id":"node/5819438353","_lat":"1.300802525720968","_lon":"103.83949041366577","timestamp":"2025-06-02T12:41:21Z","version":4,"changeset":167090502,"user":"Ignis Incendio","uid":10130990}},{"type":"Feature","geometry":{"type":"Point","coordinates":[103.8616556,1.3014736]},"properties":{"name":"Ya Kun Kaya Toast","brand":"Ya Kun Kaya Toast","amenity":"cafe","cuisine":"coffee_shop","toilets":"yes","takeaway":"yes","addr:city":"Singapore","check_date":"2024-05-06","addr:street":"Beach Road","addr:postcode":"199568","brand:wikidata":"Q8046237","outdoor_seating":"no","addr:housenumber":"345","air_conditioning":"yes","id":"node/6815193567","_lat":"1.3014675420444064","_lon":"103.86165618896484","timestamp":"2024-05-12T15:23:45Z","version":2,"changeset":151230665,"user":"MapTheWalk","uid":10499594}},{"type":"Feature","geometry":{"type":"Point","coordinates":[103.8519374,1.2984367]},"properties":{"name":"Kurasu","level":"0","amenity":"cafe","cuisine":"coffee_shop","smoking":"no","toilets":"yes","website":"https://kurasu.sg/","takeaway":"yes","addr:unit":"#01-24","check_date":"2024-12-21","wheelchair":"no","addr:street":"Waterloo Street","payment:cash":"yes","opening_hours":"Mo-Su 10:00-18:30","changing_table":"no","toilets:access":"customers","internet_access":"no","outdoor_seating":"no","addr:housenumber":"261","air_conditioning":"yes","toilets:disposal":"flush","toilets:position":"seated","toilets:wheelchair":"no","payment:debit_cards":"yes","payment:credit_cards":"yes","id":"node/8647883402","_lat":"1.2984427889659287","_lon":"103.85193586349487","timestamp":"2024-12-22T11:23:17Z","version":4,"changeset":160497761,"user":"MapTheWalk","uid":10499594}},{"type":"Feature","geometry":{"type":"Point","coordinates":[103.8393359,1.2986745]},"properties":{"name":"Jeong’s Jjajang","amenity":"restaurant","cuisine":"korean","toilets":"yes","delivery":"yes","takeaway":"yes","addr:city":"Singapore","check_date":"2024-05-12","wheelchair":"no","addr:street":"Killiney Road","addr:country":"SG","payment:cash":"no","opening_hours":"11:30-15:00,17:00-22:00","outdoor_seating":"no","addr:housenumber":"75","air_conditioning":"yes","contact:facebook":"https://www.facebook.com/jeongs.jjajang","toilets:wheelchair":"no","payment:debit_cards":"yes","payment:credit_cards":"yes","id":"node/6259798714","_lat":"1.2986787627406358","_lon":"103.83934020996094","timestamp":"2024-05-12T15:23:45Z","version":2,"changeset":151230665,"user":"MapTheWalk","uid":10499594}},{"type":"Feature","geometry":{"type":"Point","coordinates":[103.8540025,1.2988686]},"properties":{"name":"Fame Coffee","level":"0-1","amenity":"cafe","cuisine":"coffee_shop","smoking":"outside","toilets":"yes","check_date":"2025-03-22","wheelchair":"limited","opening_hours":"Mo-Th,Su 08:00-19:00; Fr-Sa 08:00-20:00","indoor_seating":"yes","toilets:access":"customers","internet_access":"wlan","outdoor_seating":"no","air_conditioning":"yes","toilets:wheelchair":"no","internet_access:fee":"no","id":"node/5023357603","_lat":"1.2988718321762747","_lon":"103.85399580001831","timestamp":"2025-03-23T08:06:38Z","version":7,"changeset":163975222,"user":"MapTheWalk","uid":10499594}},{"type":"Feature","geometry":{"type":"Point","coordinates":[103.8448902,1.3000112]},"properties":{"name":"McDonald's","brand":"McDonald's","level":"-1","amenity":"fast_food","cuisine":"burger","name:en":"McDonald's","name:zh":"麦当劳","toilets":"yes","brand:en":"McDonald's","brand:zh":"麦当劳","takeaway":"yes","wheelchair":"yes","name:zh-Hans":"麦当劳","drive_through":"no","opening_hours":"Mo-Su 07:30-23:00","brand:wikidata":"Q38076","toilets:access":"yes","brand:wikipedia":"en:McDonald's","internet_access":"yes","outdoor_seating":"yes","toilets:wheelchair":"designated","internet_access:fee":"no","id":"node/2402536816","_lat":"1.3000087963312836","_lon":"103.8448977470398","timestamp":"2023-05-18T14:50:45Z","version":11,"changeset":136259294,"user":"leheng","uid":15587724}},{"type":"Feature","geometry":{"type":"Point","coordinates":[103.8560703,1.3000381]},"properties":{"name":"BHG","shop":"department_store","level":"0-2","toilets":"yes","website":"http://www.bhgsingapore.com.sg/","wheelchair":"yes","opening_hours":"10:30-22:00","id":"node/3068423709","_lat":"1.3000302484802404","_lon":"103.85607719421387","timestamp":"2025-02-01T05:23:13Z","version":3,"changeset":162000509,"user":"btcprox","uid":5741766}},{"type":"Feature","geometry":{"type":"Point","coordinates":[103.81038,1.2953302]},"properties":{"name":"Skyville@Dawson Food Court","amenity":"food_court","toilets":"yes","id":"node/7860582675","_lat":"1.2953322235147056","_lon":"103.8103723526001","timestamp":"2022-08-09T03:21:59Z","version":3,"changeset":124663523,"user":"Doge05","uid":4026892}},{"type":"Feature","geometry":{"type":"Point","coordinates":[103.8294952,1.28615]},"properties":{"name":"Food Paradise","level":"1","amenity":"food_court","toilets":"yes","addr:city":"Singapore","addr:street":"Tiong Bahru Road","outdoor_seating":"yes","id":"node/4774732459","_lat":"1.2861506701544698","_lon":"103.82949113845825","timestamp":"2021-09-07T11:12:58Z","version":4,"changeset":110853634,"user":"a cat is black","uid":14022040}},{"type":"Feature","geometry":{"type":"Point","coordinates":[103.8187432,1.2877473]},"properties":{"name":"80 Eating House","amenity":"food_court","toilets":"yes","id":"node/8459997648","_lat":"1.287738137356314","_lon":"103.81874084472656","timestamp":"2021-02-26T05:43:50Z","version":1,"changeset":100020686,"user":"btcprox","uid":5741766}},{"type":"Feature","geometry":{"type":"Point","coordinates":[103.8435344,1.283155]},"properties":{"name":"Tiantian Xiangshang","level":"0","amenity":"restaurant","cuisine":"chinese","name:zh":"天天湘上","smoking":"no","toilets":"yes","addr:city":"Singapore","wheelchair":"no","addr:street":"Temple Street","addr:country":"SG","addr:postcode":"058598","changing_table":"no","toilets:access":"customers","internet_access":"wlan","outdoor_seating":"yes","addr:housenumber":"53","toilets:disposal":"flush","toilets:position":"seated","toilets:wheelchair":"no","internet_access:fee":"no","id":"node/3756845516","_lat":"1.2831473511263027","_lon":"103.84352445602417","timestamp":"2023-03-29T14:00:06Z","version":3,"changeset":134264796,"user":"nihombashi19","uid":1842888}},{"type":"Feature","geometry":{"type":"Point","coordinates":[103.842491,1.2844286]},"properties":{"name":"Yu Zu Spa Pte Ltd #02-67","shop":"massage","level":"02-67","phone":"+6598079777","toilets":"yes","operator":"Hu Yang +6598079777","stroller":"yes","addr:city":"Singapore","start_date":"2022-12-05","wheelchair":"yes","addr:street":"1 Park Rd","description":"1) Herbal Steam for your legs $38 2) Traditional Pedicure $30+ 3) Dry Cupping $30 4) Bian Stone Scraping (Guasha) $30 5) Visual Ear Picking $30 ( Ear Wax Removal with head and ear massage) 6) Foot Soak with herbs $10 7) Foot Reflexology $15 for 30 mins","addr:country":"SG","payment:cash":"yes","addr:postcode":"059108","opening_hours":"930am - 930pm","payment:paynow":"yes","payment:wechat":"yes","addr:housenumber":"02-67","air_conditioning":"yes","id":"node/10278674828","_lat":"1.2844344882849157","_lon":"103.84249448776245","timestamp":"2022-12-28T14:08:17Z","version":3,"changeset":130603853,"user":"Christoph Lotz","uid":47978}},{"type":"Feature","geometry":{"type":"Point","coordinates":[103.8455104,1.2838443]},"properties":{"name":"Community Coffee","level":"0","amenity":"cafe","cuisine":"coffee_shop","smoking":"no","toilets":"yes","takeaway":"yes","wheelchair":"no","opening_hours":"Mo-Sa 08:30-17:30, Su 11:30-17:30","changing_table":"no","toilets:access":"customers","outdoor_seating":"no","toilets:disposal":"flush","toilets:position":"seated","toilets:wheelchair":"no","id":"node/9881906300","_lat":"1.2838338243581973","_lon":"103.84552001953125","timestamp":"2022-07-11T21:03:53Z","version":1,"changeset":123491888,"user":"nihombashi19","uid":1842888}},{"type":"Feature","geometry":{"type":"Point","coordinates":[103.8440746,1.2841221]},"properties":{"name":"WU DA LANG OLD HOT POT 武大郎老火锅","email":"wudalang.enquiry@gmail.com","image":"https://www.instagram.com/wudalangoldhotpot_sg/?hl=en","phone":"+6562260986","amenity":"restaurant","brewery":"various","cuisine":"chinese;soup;hot_pot;hotpot;steamboat;dessert;oriental","min_age":"0","toilets":"yes","website":"https://www.instagram.com/wudalangoldhotpot_sg/?hl=en","capacity":"120","delivery":"yes","not:name":"frog meat fish head","takeaway":"yes","addr:city":"Singapore","diet:fish":"yes","diet:meat":"yes","diet:local":"yes","short_name":"Wu Da Lang Old Hot Pot","addr:street":"Mosque Street;摩士街","description":"More than 10 years in Singapore, enjoy great value hotpot soup, fresh ingredient options and heartwarming service! Combination of healthy nutritional hotpot at affordable prices and the Sichuan-Singapore fusion makes it special.","payment:app":"yes","reservation":"yes","diet:chicken":"yes","diet:healthy":"yes","payment:cash":"yes","payment:visa":"yes","website:menu":"https://cates.sg/o/wdlhotpot/","addr:postcode":"059485","opening_hours":"Mo-Su 11:00-02:00","diet:non-halal":"yes","internet_access":"wlan","outdoor_seating":"no","addr:housenumber":"5","air_conditioning":"yes","contact:facebook":"https://www.instagram.com/wudalangoldhotpot_sg/?hl=en","payment:apple_pay":"yes","payment:google_pay":"yes","payment:mastercard":"yes","internet_access:fee":"no","payment:contactless":"yes","payment:debit_cards":"yes","payment:credit_cards":"yes","id":"node/12593356906","_lat":"1.2841127040559996","_lon":"103.84408235549927","timestamp":"2025-02-16T16:44:43Z","version":1,"changeset":162578448,"user":"WuDaLang Hotpot","uid":22519865}},{"type":"Feature","geometry":{"type":"Point","coordinates":[103.8434499,1.2832104]},"properties":{"name":"蜀郷坊","level":"0","amenity":"restaurant","cuisine":"chinese;Sichuan","name:en":"Shuxiangfang","name:zh":"蜀郷坊","toilets":"yes","addr:city":"Singapore","wheelchair":"no","addr:street":"Temple Street","addr:country":"SG","microbrewery":"no","self_service":"no","addr:postcode":"058602","changing_table":"no","toilets:access":"customers","outdoor_seating":"no","addr:housenumber":"57","toilets:disposal":"flush","toilets:position":"seated","toilets:wheelchair":"no","id":"node/3756845512","_lat":"1.2832117079996124","_lon":"103.84346008300781","timestamp":"2022-07-11T21:03:53Z","version":3,"changeset":123491888,"user":"nihombashi19","uid":1842888}},{"type":"Feature","geometry":{"type":"Point","coordinates":[103.8484841,1.2835276]},"properties":{"name":"Cocotto","amenity":"pub","brewery":"various","cuisine":"japanese","toilets":"yes","addr:city":"Singapore","check_date":"2024-01-30","addr:street":"Pekin Street","payment:cash":"yes","outdoor_seating":"yes","addr:housenumber":"38","payment:debit_cards":"yes","payment:credit_cards":"yes","id":"node/5661727625","_lat":"1.2835334923419168","_lon":"103.84848117828369","timestamp":"2024-02-04T14:53:05Z","version":2,"changeset":147057093,"user":"MapTheWalk","uid":10499594}},{"type":"Feature","geometry":{"type":"Point","coordinates":[103.8420067,1.2800166]},"properties":{"name":"Le Mont Singapore","level":"4","phone":"+6580672310","amenity":"restaurant","toilets":"yes","website":"https://www.instagram.com/lemontsingapore/","delivery":"yes","takeaway":"yes","addr:city":"Singapore","addr:street":"Teck Lim Road","payment:jcb":"yes","reservation":"required","payment:visa":"yes","addr:postcode":"088379","opening_hours":"Mo-Sa 18:00-23:00","payment:alipay":"yes","internet_access":"wlan","outdoor_seating":"yes","addr:housenumber":"1","air_conditioning":"yes","payment:unionpay":"yes","payment:apple_pay":"yes","payment:mastercard":"yes","payment:contactless":"yes","payment:diners_club":"yes","payment:credit_cards":"yes","payment:american_express":"yes","payment:mastercard_contactless":"yes","id":"node/11861763543","_lat":"1.2800153146694981","_lon":"103.84200096130371","timestamp":"2024-05-09T00:36:52Z","version":2,"changeset":151079677,"user":"b-jazz-bot","uid":9451067}},{"type":"Feature","geometry":{"type":"Point","coordinates":[103.8444702,1.2776963]},"properties":{"name":"Baristart Coffee Singapore","level":"0","amenity":"cafe","cuisine":"coffee_shop","smoking":"no","toilets":"yes","check_date":"2026-01-18","wheelchair":"no","opening_hours":"09:00-21:00","toilets:access":"customers","internet_access":"no","outdoor_seating":"no","toilets:disposal":"flush","toilets:position":"seated","toilets:wheelchair":"no","id":"node/6349196383","_lat":"1.2776984633214994","_lon":"103.84446859359741","timestamp":"2026-01-20T03:50:24Z","version":4,"changeset":177456936,"user":"wmxwu","uid":20503922}},{"type":"Feature","geometry":{"type":"Point","coordinates":[103.8234132,1.2647344]},"properties":{"name":"GV VivoCity","branch":"VivoCity","screen":"15","source":"survey","amenity":"cinema","toilets":"yes","website":"https://www.gv.com.sg/","operator":"Golden Village","check_date":"2023-06-23","wheelchair":"yes","payment:visa":"yes","air_conditioning":"yes","payment:apple_pay":"yes","payment:google_pay":"yes","payment:mastercard":"yes","payment:contactless":"yes","payment:credit_cards":"yes","payment:mastercard_contactless":"yes","id":"node/6711576420","_lat":"1.2647412192210652","_lon":"103.82341861724854","timestamp":"2023-06-24T16:41:13Z","version":3,"changeset":137728103,"user":"ADsdfjk23","uid":10324326}},{"type":"Feature","geometry":{"type":"Point","coordinates":[103.9001345,1.3127242]},"properties":{"name":"Long Phung","source":"Kaart Ground Survey 2017","amenity":"restaurant","cuisine":"vietnamese","toilets":"yes","check_date":"2024-04-21","addr:street":"Joo Chiat Road","payment:cash":"yes","payment:cards":"no","outdoor_seating":"no","addr:housenumber":"159","air_conditioning":"yes","toilets:wheelchair":"no","payment:debit_cards":"no","payment:credit_cards":"no","id":"node/4702286640","_lat":"1.3127298885596588","_lon":"103.90012979507446","timestamp":"2024-04-21T14:04:31Z","version":5,"changeset":150303888,"user":"MapTheWalk","uid":10499594}},{"type":"Feature","geometry":{"type":"Point","coordinates":[103.9023871,1.3091015]},"properties":{"name":"Kings Cart Coffee Factory","level":"0","amenity":"cafe","cuisine":"coffee_shop","smoking":"no","toilets":"yes","takeaway":"yes","wheelchair":"no","addr:street":"Joo Chiat Road","opening_hours":"Mo-Su 09:00-18:00","changing_table":"no","toilets:access":"customers","outdoor_seating":"yes","toilets:disposal":"flush","toilets:position":"seated","toilets:wheelchair":"no","id":"node/4702450068","_lat":"1.3091044911019623","_lon":"103.90238285064697","timestamp":"2022-07-17T12:40:17Z","version":4,"changeset":123719835,"user":"nihombashi19","uid":1842888}},{"type":"Feature","geometry":{"type":"Point","coordinates":[103.9075092,1.3078254]},"properties":{"name":"Neptune","level":"0","amenity":"cafe","cuisine":"coffee_shop","smoking":"no","toilets":"yes","website":"https://theneptune.com.sg/","takeaway":"yes","addr:city":"Singapore","addr:street":"East Coast Road","addr:postcode":"428930","changing_table":"no","toilets:access":"customers","outdoor_seating":"yes","addr:housenumber":"237","toilets:disposal":"flush","toilets:position":"seated","toilets:wheelchair":"yes","id":"node/5414528607","_lat":"1.307817366482496","_lon":"103.90751123428345","timestamp":"2025-09-12T06:36:01Z","version":4,"changeset":171813842,"user":"b-jazz-bot","uid":9451067}},{"type":"Feature","geometry":{"type":"Polygon","coordinates":[[[103.8501451,1.3335945],[103.8501456,1.3333975],[103.8502425,1.3333978],[103.8507661,1.333399],[103.8507657,1.333596],[103.8501451,1.3335945]]]},"properties":{"name":"Toa Payoh Public Library","amenity":"library","toilets":"yes","building":"public","wikidata":"Q7811334","addr:city":"Singapore","wikipedia":"en:Toa Payoh Public Library","addr:street":"Toa Payoh Central","addr:country":"SG","addr:postcode":"319191","opening_hours":"Mo-Su 10:00-21:00","toilets:access":"yes","building:levels":"3","internet_access":"wlan","addr:housenumber":"6","wikimedia_commons":"Category:Toa Payoh Community Library","toilets:wheelchair":"yes","internet_access:operator":"Wireless@SG","id":"way/122728028","_lat":"1.3334953770028264","_lon":"103.85045528411865","timestamp":"2023-09-22T07:20:13Z","version":9,"changeset":141590338,"user":"tg4567","uid":12500589}},{"type":"Feature","geometry":{"type":"Polygon","coordinates":[[[103.8463729,1.3273312],[103.8463225,1.3273297],[103.8463266,1.3271939],[103.8461494,1.3271886],[103.8461507,1.3271432],[103.8461065,1.3271418],[103.8461118,1.3269635],[103.8461328,1.3269641],[103.8461358,1.3268269],[103.8465237,1.3268393],[103.8465038,1.3274663],[103.846369,1.3274595],[103.8463729,1.3273312]]]},"properties":{"fee":"yes","name":"Zhongshan Mall","shop":"mall","layer":"-1","access":"yes","source":"Bing","covered":"yes","toilets":"yes","website":"https://zhongshanmall.com.sg/","building":"yes","addr:city":"Singapore","wheelchair":"yes","addr:street":"Ah Hood Road","survey:date":"2020-07-29","addr:postcode":"329984","opening_hours":"Mo-Su 08:00-23:00","building:levels":"20","addr:housenumber":"20","air_conditioning":"yes","building:material":"glass","id":"way/271791475","_lat":"1.3271456179942902","_lon":"103.84631395339966","timestamp":"2026-02-19T09:07:44Z","version":25,"changeset":178761061,"user":"potato154","uid":23628989}},{"type":"Feature","geometry":{"type":"Polygon","coordinates":[[[103.8500388,1.3258301],[103.8500225,1.3258107],[103.8502452,1.3256244],[103.8505471,1.3253717],[103.8506551,1.3255006],[103.8507351,1.3255961],[103.8507201,1.3256086],[103.8507052,1.3256211],[103.8507404,1.3256632],[103.8502717,1.3260557],[103.8502407,1.3260187],[103.8502276,1.3260298],[103.8502148,1.3260404],[103.8501305,1.3259397],[103.8500388,1.3258301]]]},"properties":{"name":"Balestier Plaza","shop":"mall","toilets":"yes","building":"apartments","addr:city":"Singapore","addr:street":"Balestier Road","addr:postcode":"329802","opening_hours":"Mo-Su 07:00-22:00","addr:housenumber":"400","air_conditioning":"yes","id":"way/328531477","_lat":"1.3257083391977673","_lon":"103.85038018226624","timestamp":"2026-01-23T11:32:31Z","version":8,"changeset":177604813,"user":"kenken234","uid":17241816}},{"type":"Feature","geometry":{"type":"Polygon","coordinates":[[[103.848886,1.3257929],[103.8488202,1.325651],[103.8487811,1.3255668],[103.8491772,1.325383],[103.8492822,1.3256091],[103.8491134,1.3256875],[103.848886,1.3257929]]]},"properties":{"name":"Balestier Market","source":"Kaart Ground Survey 2017","amenity":"food_court","cuisine":"regional;chinese;thai;dessert;noodle","name:ms":"Pasar Balestier","smoking":"separated","toilets":"yes","alt_name":"Balestier Food Centre","building":"retail","wikidata":"Q107803632","addr:city":"Singapore","check_date":"2025-11-05","roof:shape":"many","wheelchair":"yes","addr:street":"Balestier Road","roof:levels":"0","addr:postcode":"329930","opening_hours":"24/7","building:levels":"1","internet_access":"no","outdoor_seating":"yes","addr:housenumber":"411","air_conditioning":"no","year_of_construction":"1922","id":"way/261019253","_lat":"1.325590353603495","_lon":"103.84902834892273","timestamp":"2025-11-05T12:07:50Z","version":20,"changeset":174238111,"user":"wmxwu","uid":20503922}},{"type":"Feature","geometry":{"type":"Polygon","coordinates":[[[103.843613,1.3209252],[103.843269,1.3208086],[103.8432589,1.3208394],[103.8427728,1.3206832],[103.8427466,1.3205947],[103.8428371,1.3204855],[103.8430258,1.3202579],[103.8431355,1.3201255],[103.8434668,1.3204922],[103.8434956,1.3204707],[103.8436938,1.3207022],[103.843613,1.3209252]]]},"properties":{"name":"Royal Square at Novena","shop":"mall","email":"enquiry@royal-square.com.sg","phone":"+65 61001866","height":"0","toilets":"yes","website":"https://royal-square.com.sg/","building":"retail","id":"way/260571322","_lat":"1.3205276930385637","_lon":"103.8432240486145","timestamp":"2024-11-26T01:09:11Z","version":10,"changeset":159595081,"user":"wmxwu","uid":20503922}},{"type":"Feature","geometry":{"type":"Polygon","coordinates":[[[103.8549032,1.3103901],[103.8550093,1.3105116],[103.8549883,1.3105294],[103.854884,1.3104058],[103.8549032,1.3103901]]]},"properties":{"bar":"no","name":"Al Deen Cafe","phone":"+65 9220 8786","amenity":"restaurant","brewery":"no","cuisine":"indian","toilets":"yes","building":"yes","capacity":"54","delivery":"yes","addr:city":"Singapore","highchair":"no","check_date":"2025-01-30","wheelchair":"yes","addr:street":"Syed Alwi Road","payment:cash":"yes","addr:postcode":"207695","opening_hours":"24/7","payment:cards":"yes","changing_table":"no","outdoor_seating":"no","addr:housenumber":"136","air_conditioning":"yes","toilets:wheelchair":"no","payment:credit_cards":"yes","payment:account_cards":"yes","toilets:menstrual_products":"no","id":"way/1355371597","_lat":"1.3104559712404154","_lon":"103.85493993759155","timestamp":"2025-01-30T13:30:07Z","version":2,"changeset":161937672,"user":"Oliver Tzeng","uid":21362470}},{"type":"Feature","geometry":{"type":"Polygon","coordinates":[[[103.8607142,1.3115973],[103.8608581,1.311385],[103.8608988,1.3114138],[103.8607497,1.3116324],[103.8607142,1.3115973]]]},"properties":{"bar":"yes","name":"Restaurant Chedi","email":"hello@restaurantchedi.com","phone":"+65 8686 6169","source":"Mapbox;local knowledge;survey;osm notes","amenity":"restaurant","cuisine":"thai","smoking":"no","toilets":"yes","website":"https://restaurantchedi.com/","building":"yes","capacity":"36","addr:city":"Singapore","highchair":"yes","wheelchair":"limited","addr:street":"Hamilton Road","reservation":"required","addr:country":"SG","addr:postcode":"209185","roof:material":"roof_tiles","building:levels":"2","internet_access":"wlan","addr:housenumber":"15","air_conditioning":"yes","diet:non-vegetarian":"yes","id":"way/439272201","_lat":"1.3115071219532481","_lon":"103.86080861091614","timestamp":"2022-12-01T13:43:04Z","version":3,"changeset":129604709,"user":"dreniels","uid":17852493}},{"type":"Feature","geometry":{"type":"Polygon","coordinates":[[[103.8559421,1.311435],[103.8565628,1.310773],[103.8566467,1.3107803],[103.8567016,1.3108358],[103.8568729,1.3110508],[103.8570567,1.3112724],[103.8572248,1.3114751],[103.8570415,1.311627],[103.8567547,1.3118647],[103.8565702,1.3120004],[103.8563326,1.3118867],[103.8560557,1.311567],[103.8560228,1.3115309],[103.8559421,1.311435]]]},"properties":{"name":"City Square Mall","shop":"mall","phone":"+65 6595 6595","source":"Mapbox","name:en":"City Square Mall","toilets":"yes","website":"https://www.citysquaremall.com.sg/","building":"yes","operator":"City Developments Limited","stroller":"yes","wikidata":"Q5123434","addr:city":"Singapore","wikipedia":"en:City Square Mall","start_date":"2009-09-19","wheelchair":"yes","addr:street":"Kitchener Road","addr:country":"SG","name:zh-Hant":"城市廣場","addr:postcode":"208539","building:part":"yes","opening_hours":"Mo-Su 10:00-22:00","addr:housename":"City Square Mall","building:levels":"4","internet_access":"wlan","addr:housenumber":"180","air_conditioning":"yes","wikimedia_commons":"Category:City Square Mall, Singapore","id":"way/102429452","_lat":"1.3113891355991","_lon":"103.85658144950867","timestamp":"2023-09-22T07:20:13Z","version":17,"changeset":141590338,"user":"tg4567","uid":12500589}},{"type":"Feature","geometry":{"type":"Polygon","coordinates":[[[103.8520581,1.3064474],[103.8519096,1.3065373],[103.8518915,1.3065036],[103.85204,1.3064137],[103.8520581,1.3064474]]]},"properties":{"bar":"no","name":"Komala Vilas","craft":"caterer","phone":"+65 6293 6980","source":"Bing","amenity":"restaurant","cuisine":"indian","smoking":"no","toilets":"yes","website":"https://komalavilas.com.sg/","building":"retail","delivery":"yes","takeaway":"yes","check_date":"2023-08-02","diet:vegan":"yes","start_date":"1947","wheelchair":"no","addr:street":"Serangoon Road","reservation":"no","payment:cash":"yes","payment:nets":"yes","payment:visa":"yes","opening_hours":"Mo-Su, PH 07:00-22:30","indoor_seating":"yes","payment:paynow":"yes","building:levels":"2","diet:vegetarian":"only","internet_access":"no","outdoor_seating":"no","addr:housenumber":"78","air_conditioning":"yes","payment:mastercard":"yes","id":"way/176326963","_lat":"1.3064766109680193","_lon":"103.85197877883911","timestamp":"2025-11-26T04:09:32Z","version":18,"changeset":175136549,"user":"confusedbuffalo","uid":242345}},{"type":"Feature","geometry":{"type":"Polygon","coordinates":[[[103.8535691,1.3080171],[103.8535187,1.307701],[103.8535687,1.3076915],[103.8536157,1.3080091],[103.8535691,1.3080171]]]},"properties":{"bar":"no","name":"The Black Sheep Cafe","phone":"+65 8918 4259","source":"Bing","amenity":"cafe","cuisine":"fine_dining","toilets":"yes","website":"https://theblacksheepcafe.com","building":"yes","delivery":"yes","takeaway":"yes","check_date":"2025-01-30","wheelchair":"yes","addr:street":"Norris Road","payment:app":"yes","reservation":"yes","payment:cash":"yes","addr:postcode":"208260","drive_through":"no","opening_hours":"Th-Sa 11:30-22:00, Mo-Tu 11:30-22:00","payment:cards":"yes","internet_access":"wlan","outdoor_seating":"yes","addr:housenumber":"18","air_conditioning":"yes","internet_access:fee":"customers","internet_access:ssid":"prideadmin_5G","payment:account_cards":"yes","id":"way/191009974","_lat":"1.307849544600856","_lon":"103.85356664657593","timestamp":"2025-11-26T04:09:32Z","version":3,"changeset":175136549,"user":"confusedbuffalo","uid":242345}},{"type":"Feature","geometry":{"type":"Polygon","coordinates":[[[103.8315786,1.3045432],[103.8315526,1.3045111],[103.8315484,1.3044665],[103.8315235,1.3043939],[103.8314921,1.3043193],[103.8312762,1.3040868],[103.8312499,1.30404],[103.8312301,1.3039663],[103.8312351,1.3039337],[103.8312648,1.3039004],[103.8313432,1.3038434],[103.8314124,1.3038244],[103.8314131,1.3038045],[103.8314429,1.3037656],[103.8315075,1.3036996],[103.8315954,1.3036382],[103.8316624,1.3036027],[103.8317174,1.3035869],[103.8317377,1.3035877],[103.8318086,1.3035176],[103.8319087,1.3034415],[103.8319735,1.3033864],[103.8319843,1.3033772],[103.8319952,1.3033679],[103.8320446,1.3033259],[103.8320824,1.3032959],[103.8321296,1.3032827],[103.8321561,1.3032753],[103.8322093,1.3032718],[103.8322738,1.3032916],[103.8323227,1.3033285],[103.8323416,1.3033493],[103.8323902,1.3034027],[103.8324543,1.3034733],[103.8326877,1.3037303],[103.8326055,1.3037969],[103.8325715,1.3038436],[103.8325686,1.3039173],[103.8325814,1.303962],[103.8326366,1.304072],[103.8327101,1.3042119],[103.8327182,1.3042277],[103.8327153,1.3042483],[103.8326806,1.3042674],[103.8326459,1.3042731],[103.8326282,1.3042858],[103.8325948,1.3043163],[103.8325637,1.3043276],[103.8325218,1.3043375],[103.8324935,1.304356],[103.8324637,1.3043949],[103.8324283,1.3044289],[103.8323893,1.304446],[103.8323489,1.3044481],[103.8322653,1.3044538],[103.8322156,1.3044686],[103.8320734,1.3045432],[103.8320454,1.3045579],[103.8319413,1.3046127],[103.8319172,1.3046252],[103.8318591,1.3046373],[103.8318152,1.3046288],[103.8317804,1.3046047],[103.8317332,1.3045609],[103.8317091,1.3045528],[103.8316872,1.3045586],[103.8316436,1.3045684],[103.8316087,1.304562],[103.8315786,1.3045432]]]},"properties":{"name":"ION Orchard","shop":"mall","phone":"+65 62388228","name:en":"ION Orchard","name:ko":"아이온 오차드","name:zh":"愛雍·烏節","toilets":"yes","website":"https://www.ionorchard.com/","building":"commercial","operator":"CapitaLand Ltd","stroller":"yes","wikidata":"Q3146786","addr:city":"Singapore","wikipedia":"en:ION Orchard","start_date":"2009-07-21","wheelchair":"yes","addr:street":"Orchard Turn","addr:postcode":"238801","opening_hours":"Mo-Su 10:00-22:00","toilets:level":"4","addr:housename":"ION Orchard","addr:housenumber":"2","air_conditioning":"yes","toilets:panoramax":"a5f4187d-ab2f-4837-9371-09a057719911","wikimedia_commons":"Category:ION Orchard and The Orchard Residences","id":"way/231917869","_lat":"1.3039559885723833","_lon":"103.83196949958801","timestamp":"2025-05-25T09:36:30Z","version":26,"changeset":166726475,"user":"Big Bog Blog","uid":22935993}},{"type":"Feature","geometry":{"type":"Polygon","coordinates":[[[103.8388889,1.3011725],[103.8386119,1.301266],[103.8385642,1.3012821],[103.8383873,1.3013557],[103.8381026,1.3014913],[103.8379871,1.3013015],[103.8379658,1.3012665],[103.8377704,1.301428],[103.8377308,1.3014118],[103.837686,1.3013934],[103.8379113,1.3011869],[103.8379223,1.3011989],[103.8381069,1.3010484],[103.8382297,1.3009892],[103.8382217,1.3009637],[103.8381975,1.3009382],[103.8379695,1.3007022],[103.8380066,1.3006928],[103.8380508,1.3006835],[103.8380452,1.3006529],[103.8382071,1.3006191],[103.8383811,1.3005827],[103.8384384,1.3005708],[103.8385704,1.3005441],[103.8386309,1.3007952],[103.8387833,1.3007609],[103.8388007,1.3008419],[103.8388271,1.3009647],[103.8388889,1.3011725]]]},"properties":{"name":"313@Somerset","shop":"mall","phone":"+65 6496 9313","toilets":"yes","website":"https://www.313somerset.com.sg/","building":"yes","operator":"Lendlease","stroller":"yes","wikidata":"Q69627358","addr:city":"Singapore","start_date":"2009-12","wheelchair":"yes","addr:street":"Orchard Road","addr:country":"SG","addr:postcode":"238895","opening_hours":"Su-Th 10:00-22:00; Fr-Sa 10:00-23:00","addr:housenumber":"313","air_conditioning":"yes","id":"way/52236347","_lat":"1.3010170470906388","_lon":"103.8382887840271","timestamp":"2025-10-21T11:25:15Z","version":27,"changeset":173577185,"user":"wmxwu","uid":20503922}},{"type":"Feature","geometry":{"type":"Polygon","coordinates":[[[103.8362835,1.3017938],[103.8360982,1.3014524],[103.8365091,1.3012315],[103.8364988,1.301207],[103.8365337,1.3011888],[103.8368838,1.3015564],[103.8365679,1.3017245],[103.836547,1.3017356],[103.8365201,1.3016849],[103.8363244,1.30179],[103.8363168,1.3017759],[103.8362835,1.3017938]]]},"properties":{"name":"Cathay Cineleisure Orchard","shop":"mall","toilets":"yes","building":"yes","wikidata":"Q5052143","wikipedia":"en:Cathay Cineleisure Orchard","wheelchair":"yes","addr:street":"Grange Road","addr:postcode":"239695","opening_hours":"Mo-Su,PH 10:00-22:00","building:levels":"6","addr:housenumber":"8","air_conditioning":"yes","wikimedia_commons":"Category:Cathay Cineleisure Orchard","id":"way/42010371","_lat":"1.3014889941630798","_lon":"103.83649706840515","timestamp":"2026-04-02T16:44:04Z","version":15,"changeset":180777654,"user":"kenken234","uid":17241816}},{"type":"Feature","geometry":{"type":"Polygon","coordinates":[[[103.853107,1.2970133],[103.8530279,1.2969098],[103.8530876,1.2968617],[103.8530538,1.2968199],[103.8530235,1.2967824],[103.8531105,1.2967122],[103.8531532,1.2967651],[103.8534562,1.2965206],[103.8538116,1.2962338],[103.8542354,1.296767],[103.853437,1.2974166],[103.8531753,1.2970924],[103.853107,1.2970133]]]},"properties":{"foot":"yes","name":"Bras Basah Complex","shop":"mall","height":"20","source":"Bing","name:zh":"百胜楼","toilets":"yes","building":"commercial","wikidata":"Q107803645","addr:city":"Singapore","check_date":"2024-04-14","start_date":"1980","addr:street":"Bain Street","addr:country":"SG","name:zh-Hans":"百胜楼商联会","name:zh-Hant":"百胜樓商聯會","addr:postcode":"180231","building:levels":"4","addr:housenumber":"231","air_conditioning":"no","id":"way/44414531","_lat":"1.2968231501220586","_lon":"103.85363101959229","timestamp":"2024-04-14T16:25:23Z","version":19,"changeset":150000608,"user":"MapTheWalk","uid":10499594}},{"type":"Feature","geometry":{"type":"Polygon","coordinates":[[[103.8583577,1.2956717],[103.8585352,1.295574],[103.8585789,1.2955499],[103.8586365,1.2955705],[103.8587572,1.2956136],[103.8588155,1.2957198],[103.8589031,1.2958795],[103.8590694,1.2957883],[103.8592014,1.2957159],[103.8592077,1.2957306],[103.8593861,1.2960417],[103.8591233,1.2961939],[103.8590603,1.2960823],[103.85893,1.2961646],[103.8588685,1.2963924],[103.8589536,1.2965551],[103.8584735,1.2964217],[103.8583642,1.2962341],[103.8581136,1.295804],[103.8583577,1.2956717]]]},"properties":{"name":"Suntec City","shop":"mall","height":"20","name:ar":"مول كبير","name:zh":"新达城购物中心","toilets":"yes","building":"yes","operator":"Suntec REIT","addr:city":"Singapore","start_date":"1997","wheelchair":"yes","addr:street":"Temasek Boulevard","addr:country":"SG","addr:postcode":"038983","building:part":"yes","opening_hours":"Mo-Su,PH 10:00-22:00","addr:housename":"Suntec City Mall","building:colour":"#595f5f","internet_access":"wlan","addr:housenumber":"3","id":"way/492114727","_lat":"1.29605087168418","_lon":"103.8587486743927","timestamp":"2026-04-29T09:42:50Z","version":8,"changeset":181978512,"user":"dzonimn","uid":11608748}},{"type":"Feature","geometry":{"type":"Polygon","coordinates":[[[103.8583577,1.2956717],[103.8581136,1.295804],[103.8576842,1.2950672],[103.8576745,1.2950505],[103.857639,1.2949839],[103.8576598,1.29492],[103.8576435,1.2948464],[103.8576703,1.2948093],[103.8576894,1.294781],[103.8576982,1.2947455],[103.8576986,1.2947115],[103.8576911,1.2946669],[103.8576695,1.2946288],[103.8576387,1.2945829],[103.8576059,1.2945581],[103.8575776,1.2945401],[103.8575297,1.2945263],[103.8574899,1.2945208],[103.8573941,1.2943425],[103.8574281,1.294323],[103.8575387,1.2942597],[103.8576986,1.2941682],[103.8577781,1.2943302],[103.8576107,1.2944258],[103.8578746,1.2948878],[103.8579425,1.294849],[103.8579738,1.2949032],[103.858223,1.2953347],[103.8581839,1.2953562],[103.8582757,1.2955228],[103.8583577,1.2956717]]]},"properties":{"name":"Suntec City","shop":"mall","height":"20","name:ar":"مول كبير","name:en":"Suntec City","name:zh":"新达城购物中心","toilets":"yes","building":"yes","addr:city":"Singapore","start_date":"1997","addr:street":"Temasek Boulevard","addr:country":"SG","addr:postcode":"038983","building:part":"yes","addr:housename":"Suntec City Mall","building:colour":"#595f5f","addr:housenumber":"3","id":"way/46595137","_lat":"1.2949889883411316","_lon":"103.85786890983582","timestamp":"2026-03-31T09:37:59Z","version":29,"changeset":180663870,"user":"dzonimn","uid":11608748}},{"type":"Feature","geometry":{"type":"Polygon","coordinates":[[[103.8568044,1.2896169],[103.8567834,1.2892999],[103.8569424,1.2892894],[103.8569633,1.2896064],[103.8568044,1.2896169]]]},"properties":{"name":"Makansutra Gluttons Bay","level":"0","amenity":"food_court","cuisine":"local;italian;pizza","landuse":"retail","toilets":"yes","operator":"Gluttons Bay","addr:city":"Singapore","check_date":"2024-01-13","diet:halal":"yes","wheelchair":"yes","addr:street":"Raffles Avenue","payment:cash":"yes","opening_hours":"Mo-Th 17:00-02:00; Fr,Sa 17:00-03:00; Su 16:00-01:00","diet:vegetarian":"yes","outdoor_seating":"yes","addr:housenumber":"8","air_conditioning":"no","payment:debit_cards":"yes","payment:credit_cards":"yes","id":"way/703206182","_lat":"1.289454316997059","_lon":"103.85687112808228","timestamp":"2025-06-01T06:34:00Z","version":7,"changeset":167036637,"user":"❤️‍🔥","uid":10140394}},{"type":"Feature","geometry":{"type":"Polygon","coordinates":[[[103.8618042,1.2836964],[103.861603,1.2829559],[103.8621452,1.2828135],[103.8621994,1.2829988],[103.8620879,1.2830354],[103.8620957,1.2830727],[103.8621141,1.2831481],[103.8620462,1.2831681],[103.8620548,1.2832033],[103.862167,1.2831701],[103.8621988,1.2832842],[103.862048,1.2833249],[103.8621199,1.2836118],[103.8618042,1.2836964]]]},"properties":{"name":"IMBA Theatre","toilets":"yes","tourism":"gallery","website":"https://imbaglobal.com/","building":"yes","not:name":"IMBA Global","operator":"IMBA Global","addr:city":"Singapore","start_date":"2026-02-12","wheelchair":"yes","addr:street":"Marina Gardens Dr","payment:nfc":"yes","payment:visa":"yes","addr:postcode":"018953","opening_hours":"Mo-Su 09:00-21:00","changing_table":"yes","payment:alipay":"yes","payment:paynow":"yes","payment:wechat":"yes","internet_access":"wlan","addr:housenumber":"18","contact:facebook":"IMBATheatre","payment:unionpay":"yes","contact:instagram":"be.imba","payment:shopeepay":"yes","payment:google_pay":"yes","payment:mastercard":"yes","payment:visa_debit":"yes","toilets:wheelchair":"yes","internet_access:fee":"no","payment:contactless":"yes","payment:debit_cards":"yes","internet_access:ssid":"IMBA_Guest","payment:credit_cards":"yes","payment:singtel_dash":"yes","payment:discover_card":"yes","payment:prepaid_ticket":"yes","payment:american_express":"yes","id":"way/1467038016","_lat":"1.2832546125412563","_lon":"103.86190295219421","timestamp":"2026-04-29T13:53:25Z","version":6,"changeset":181990253,"user":"dinastik","uid":1927974}},{"type":"Feature","geometry":{"type":"Polygon","coordinates":[[[103.851593,1.2887558],[103.8515615,1.2887099],[103.8515207,1.2887378],[103.8514199,1.2885907],[103.8514664,1.2885589],[103.8514287,1.2885039],[103.8514424,1.2884945],[103.8513983,1.2884304],[103.8513788,1.2884438],[103.8513518,1.2884045],[103.8513087,1.2884341],[103.8512137,1.2882957],[103.8512652,1.2882603],[103.8512332,1.2882138],[103.8515244,1.2880139],[103.8515087,1.287991],[103.8515755,1.2879452],[103.8516182,1.2880074],[103.8516682,1.2879731],[103.8517471,1.2880881],[103.8516949,1.2881239],[103.851833,1.2883251],[103.8518886,1.288287],[103.851968,1.2884029],[103.8519143,1.2884397],[103.8519566,1.2885014],[103.8518924,1.2885454],[103.8518597,1.2884978],[103.8516471,1.2886434],[103.8516822,1.2886946],[103.851593,1.2887558]],[[103.851642,1.2882599],[103.8515409,1.2883289],[103.8515873,1.2883967],[103.8516884,1.2883277],[103.851642,1.2882599]]]},"properties":{"timestamp":"2026-04-23T02:30:02Z","version":14,"changeset":181697106,"user":"wheelmap_visitor","uid":290680,"addr:city":"Singapore","addr:housenumber":"9","addr:postcode":"179556","addr:street":"Empress Place","alt_name":"Victoria Theatre & Concert Hall","amenity":"theatre","building":"yes","check_date":"2026-04-15","height":"15","image":"https://images.mapillary.com/XRqmYLg4O-XZEsy7xoaaNw/thumb-2048.jpg","mapillary":"https://www.mapillary.com/map/im/XRqmYLg4O-XZEsy7xoaaNw","name":"Victoria Theatre and Concert Hall","name:zh":"维多利亚剧院与音乐厅","operator":"Arts House Ltd","start_date":"1909","toilets":"yes","toilets:access":"yes","type":"multipolygon","website":"https://artshousegroup.sg/vtvch","wheelchair":"yes","wikidata":"Q557635","wikimedia_commons":"Category:Victoria_Theatre_and_Concert_Hall","wikipedia":"en:Victoria Theatre and Concert Hall","id":"relation/3899820"}},{"type":"Feature","geometry":{"type":"Point","coordinates":[103.79462242126465,1.3421619134990834]},"properties":{"fee":"no","access":"yes","amenity":"shower","id":"node/9864033801","_lat":"1.3421619134990834","_lon":"103.79462242126465","timestamp":"2022-07-03T14:56:10Z","version":1,"changeset":123154557,"user":"MapTheWalk","uid":10499594}},{"type":"Feature","geometry":{"type":"Point","coordinates":[103.83507013320923,1.342419334906424]},"properties":{"fee":"no","male":"yes","access":"permissive","female":"yes","amenity":"shower","operator":"National Parks Board","id":"node/6556855295","_lat":"1.342419334906424","_lon":"103.83507013320923","timestamp":"2023-07-09T15:11:10Z","version":3,"changeset":138300173,"user":"MapTheWalk","uid":10499594}},{"type":"Feature","geometry":{"type":"Point","coordinates":[103.86165618896484,1.3252578486816162]},"properties":{"amenity":"shower","id":"node/6718558372","_lat":"1.3252578486816162","_lon":"103.86165618896484","timestamp":"2019-08-17T15:17:44Z","version":1,"changeset":73445279,"user":"XtFbHm2W","uid":10021102}},{"type":"Feature","geometry":{"type":"Point","coordinates":[103.82434129714966,1.2476864699528534]},"properties":{"fee":"no","amenity":"shower","id":"node/13380589787","_lat":"1.2476864699528534","_lon":"103.82434129714966","timestamp":"2025-12-16T08:34:25Z","version":2,"changeset":175993833,"user":"confusedbuffalo","uid":242345}},{"type":"Feature","geometry":{"type":"Point","coordinates":[103.8243842124939,1.247729375121807]},"properties":{"fee":"no","access":"yes","indoor":"yes","amenity":"shower","check_date":"2025-12-16","id":"node/9515807310","_lat":"1.247729375121807","_lon":"103.8243842124939","timestamp":"2025-12-16T08:34:19Z","version":4,"changeset":175993766,"user":"confusedbuffalo","uid":242345}},{"type":"Feature","geometry":{"type":"Point","coordinates":[103.82442712783813,1.2476650173681065]},"properties":{"fee":"no","amenity":"shower","id":"node/13380569965","_lat":"1.2476650173681065","_lon":"103.82442712783813","timestamp":"2025-12-16T08:34:24Z","version":2,"changeset":175993833,"user":"confusedbuffalo","uid":242345}},{"type":"Feature","geometry":{"type":"Point","coordinates":[103.82850408554077,1.2435032126222438]},"properties":{"fee":"no","male":"yes","access":"yes","female":"yes","amenity":"shower","id":"node/9875833655","_lat":"1.2435032126222438","_lon":"103.82850408554077","timestamp":"2022-07-09T07:22:24Z","version":1,"changeset":123389996,"user":"MapTheWalk","uid":10499594}},{"type":"Feature","geometry":{"type":"Point","coordinates":[103.84627103805542,1.28831734811628]},"properties":{"fee":"no","access":"private","amenity":"shower","hot_water":"yes","supervised":"no","id":"node/7813586608","_lat":"1.28831734811628","_lon":"103.84627103805542","timestamp":"2020-08-14T17:34:44Z","version":1,"changeset":89423681,"user":"Doge05","uid":4026892}},{"type":"Feature","geometry":{"type":"Point","coordinates":[103.8187837600708,1.2728287782182832]},"properties":{"fee":"no","access":"yes","amenity":"shower","id":"node/7821680747","_lat":"1.2728287782182832","_lon":"103.8187837600708","timestamp":"2021-09-04T07:12:41Z","version":2,"changeset":110704538,"user":"MapTheWalk","uid":10499594}},{"type":"Feature","geometry":{"type":"Point","coordinates":[103.86122703552246,1.2234234855416162]},"properties":{"level":"0","access":"yes","amenity":"shower","id":"node/4484869185","_lat":"1.2234234855416162","_lon":"103.86122703552246","timestamp":"2016-11-06T04:06:53Z","version":1,"changeset":43434412,"user":"nihombashi19","uid":1842888}},{"type":"Feature","geometry":{"type":"Point","coordinates":[103.8612699508667,1.2235092966626127]},"properties":{"level":"0","access":"yes","amenity":"shower","id":"node/4484869391","_lat":"1.2235092966626127","_lon":"103.8612699508667","timestamp":"2016-11-06T04:06:53Z","version":1,"changeset":43434412,"user":"nihombashi19","uid":1842888}},{"type":"Feature","geometry":{"type":"Point","coordinates":[103.9056658744812,1.2984427889659287]},"properties":{"fee":"no","male":"yes","access":"yes","amenity":"shower","id":"node/10705890957","_lat":"1.2984427889659287","_lon":"103.9056658744812","timestamp":"2023-03-03T06:43:05Z","version":1,"changeset":133237791,"user":"MapTheWalk","uid":10499594}},{"type":"Feature","geometry":{"type":"Point","coordinates":[103.90568733215332,1.2983355281519664]},"properties":{"fee":"no","access":"yes","female":"yes","amenity":"shower","id":"node/10705918540","_lat":"1.2983355281519664","_lon":"103.90568733215332","timestamp":"2023-03-03T06:43:06Z","version":1,"changeset":133237791,"user":"MapTheWalk","uid":10499594}},{"type":"Feature","geometry":{"type":"Point","coordinates":[103.89935731887817,1.2966193545099003]},"properties":{"amenity":"shower","id":"node/8597982481","_lat":"1.2966193545099003","_lon":"103.89935731887817","timestamp":"2021-04-06T07:47:56Z","version":1,"changeset":102383320,"user":"Lmensgla","uid":360397}},{"type":"Feature","geometry":{"type":"Polygon","coordinates":[[[103.89197587966919,1.3061011992964495],[103.89199733734131,1.3060582951017778],[103.89201879501343,1.3060582951017778],[103.89201879501343,1.3061011992964495],[103.89197587966919,1.3061011992964495]]]},"properties":{"fee":"no","amenity":"shower","supervised":"no","id":"way/591347044","_lat":"1.3060797471991137","_lon":"103.89199733734131","timestamp":"2018-05-27T11:10:24Z","version":1,"changeset":59311256,"user":"Bryan@OSM","uid":8300509}},{"type":"Feature","geometry":{"type":"Polygon","coordinates":[[[103.891761302948,1.304749716812509],[103.89180421829224,1.304749716812509],[103.89178276062012,1.3047926210294918],[103.891761302948,1.3047926210294918],[103.891761302948,1.304749716812509]]]},"properties":{"fee":"no","note":"Female Changing Room","level":"2","access":"yes","female":"yes","amenity":"shower","supervised":"no","id":"way/591347039","_lat":"1.3047711689210004","_lon":"103.89178276062012","timestamp":"2018-05-27T11:10:23Z","version":1,"changeset":59311256,"user":"Bryan@OSM","uid":8300509}},{"type":"Feature","geometry":{"type":"Polygon","coordinates":[[[103.89223337173462,1.3048355252457782],[103.89223337173462,1.3047711689210928],[103.8922119140625,1.3047711689210928],[103.8922119140625,1.3048140731377487],[103.89223337173462,1.3048355252457782]]]},"properties":{"fee":"no","note":"Male Changing Room","level":"2","amenity":"shower","supervised":"no","id":"way/591347040","_lat":"1.3048033470834355","_lon":"103.89222264289856","timestamp":"2018-05-27T11:10:23Z","version":1,"changeset":59311256,"user":"Bryan@OSM","uid":8300509}}]}